Date,Price,Open,High,Low,Change
0,517.78 ,498.64 ,531.66 ,491.78 ,0.0359
1,503.63 ,527.67 ,534.97 ,502.16 ,-0.0273
2,505.77 ,504.16 ,515.60 ,488.27 ,0.0042
3,547.04 ,527.78 ,547.04 ,524.04 ,0.0816
4,541.34 ,548.80 ,564.02 ,536.34 ,-0.0104
5,569.23 ,544.70 ,570.32 ,544.60 ,0.0515
6,552.21 ,553.67 ,564.74 ,545.08 ,-0.0299
7,566.81 ,557.15 ,567.56 ,548.05 ,0.0264
8,559.09 ,564.95 ,576.06 ,555.31 ,-0.0136
9,536.47 ,541.20 ,548.00 ,532.76 ,-0.0405
10,538.91 ,532.78 ,548.15 ,528.42 ,0.0045
11,533.19 ,538.24 ,542.33 ,525.43 ,-0.0106
12,574.92 ,553.54 ,576.55 ,551.32 ,0.0783
13,573.59 ,591.90 ,593.29 ,572.37 ,-0.0023
14,593.50 ,583.19 ,595.45 ,577.87 ,0.0347
15,598.69 ,600.22 ,607.63 ,592.74 ,0.0087
16,600.47 ,596.94 ,601.48 ,587.87 ,0.003
17,621.71 ,613.20 ,624.82 ,611.33 ,0.0354
18,616.54 ,609.40 ,621.54 ,605.77 ,-0.0083
19,622.13 ,621.39 ,626.32 ,614.16 ,0.0091
20,632.57 ,630.60 ,633.47 ,624.52 ,0.0168
21,635.86 ,628.18 ,642.63 ,627.25 ,0.0052
22,613.42 ,628.95 ,631.07 ,607.29 ,-0.0353
23,637.91 ,630.29 ,640.88 ,628.03 ,0.0399
24,636.87 ,638.64 ,646.69 ,634.21 ,-0.0016
25,649.26 ,640.35 ,650.02 ,634.38 ,0.0195
26,657.96 ,657.09 ,661.97 ,655.96 ,0.0134
27,646.11 ,665.74 ,665.90 ,644.57 ,-0.018
28,668.40 ,661.98 ,672.28 ,657.02 ,0.0345
29,668.25 ,666.78 ,672.33 ,662.65 ,-0.0002
30,647.24 ,651.67 ,658.10 ,642.80 ,-0.0314
31,657.32 ,642.27 ,657.43 ,640.52 ,0.0156
32,665.86 ,664.39 ,673.65 ,663.61 ,0.013
33,671.41 ,668.24 ,677.56 ,662.88 ,0.0083
34,689.41 ,683.15 ,691.09 ,681.93 ,0.0268
35,699.49 ,694.58 ,701.03 ,689.31 ,0.0146
36,704.81 ,695.47 ,709.02 ,694.26 ,0.0076
37,692.00 ,707.26 ,710.32 ,691.88 ,-0.0182
38,681.26 ,691.09 ,696.58 ,669.97 ,-0.0155
39,685.86 ,676.06 ,686.02 ,669.90 ,0.0068
40,698.29 ,682.02 ,698.59 ,680.38 ,0.0181
41,705.20 ,707.48 ,712.63 ,704.44 ,0.0099
42,704.47 ,705.01 ,714.96 ,704.46 ,-0.001
43,721.61 ,715.19 ,722.35 ,714.96 ,0.0243
44,714.48 ,723.80 ,725.80 ,710.28 ,-0.0099
45,721.72 ,716.53 ,721.98 ,711.53 ,0.0101
46,720.24 ,736.54 ,736.54 ,718.91 ,-0.0021
47,721.80 ,718.47 ,721.89 ,696.55 ,0.0022
48,721.81 ,718.79 ,735.23 ,718.79 ,0
49,737.62 ,723.14 ,738.15 ,721.46 ,0.0219
50,746.25 ,735.77 ,747.50 ,734.35 ,0.0117
51,748.37 ,748.40 ,748.54 ,736.09 ,0.0028
52,751.73 ,751.13 ,753.40 ,746.41 ,0.0045
53,740.62 ,750.17 ,754.91 ,735.77 ,-0.0148
54,749.18 ,745.00 ,751.73 ,738.39 ,0.0116
55,760.80 ,748.74 ,760.97 ,745.84 ,0.0155
56,758.68 ,756.47 ,762.63 ,754.11 ,-0.0028
57,761.41 ,764.19 ,766.66 ,755.14 ,0.0036
58,723.17 ,741.17 ,752.37 ,722.53 ,-0.0502
59,732.37 ,741.41 ,744.93 ,717.21 ,0.0127
60,743.97 ,721.26 ,745.35 ,717.57 ,0.0158
61,758.83 ,760.55 ,762.86 ,746.16 ,0.02
62,759.95 ,762.73 ,765.31 ,757.20 ,0.0015
63,761.93 ,758.59 ,762.76 ,757.45 ,0.0026
64,765.08 ,770.12 ,771.52 ,757.79 ,0.0041
65,777.77 ,767.63 ,777.92 ,767.23 ,0.0166
66,780.89 ,783.18 ,789.29 ,778.71 ,0.004
67,763.05 ,778.48 ,784.10 ,757.58 ,-0.0228
68,773.83 ,763.00 ,774.43 ,756.89 ,0.0141
69,757.63 ,774.71 ,775.05 ,755.79 ,-0.0209
70,757.32 ,755.69 ,757.62 ,741.96 ,-0.0004
71,771.27 ,758.13 ,773.19 ,756.91 ,0.0184
72,789.02 ,771.89 ,791.75 ,771.41 ,0.023
73,791.56 ,796.97 ,798.97 ,790.53 ,0.0032
74,808.52 ,803.50 ,814.87 ,801.76 ,0.0214
75,805.80 ,807.00 ,820.08 ,804.85 ,-0.0034
76,822.85 ,810.46 ,822.95 ,809.98 ,0.0212
77,830.72 ,829.98 ,833.22 ,814.97 ,0.0096
78,832.29 ,830.65 ,832.91 ,820.09 ,0.0019
79,800.29 ,841.66 ,842.51 ,798.82 ,-0.0384
80,804.01 ,793.40 ,804.80 ,776.75 ,0.0046
81,805.05 ,806.63 ,811.31 ,793.99 ,0.0013
82,800.79 ,796.60 ,803.01 ,788.14 ,-0.0053
83,803.11 ,800.13 ,805.74 ,792.98 ,0.0029
84,830.83 ,805.61 ,832.19 ,803.13 ,0.0345
85,821.59 ,837.31 ,837.31 ,818.67 ,-0.0111
86,820.30 ,821.38 ,826.70 ,814.41 ,-0.0016
87,803.00 ,819.27 ,825.10 ,798.22 ,-0.0211
88,796.98 ,792.29 ,803.36 ,785.01 ,-0.0075
89,809.12 ,802.46 ,811.03 ,797.33 ,0.0152
90,797.78 ,808.46 ,809.53 ,797.12 ,-0.014
91,812.10 ,803.91 ,814.68 ,802.31 ,0.0179
92,817.22 ,804.19 ,819.25 ,800.24 ,0.0063
93,831.86 ,831.66 ,831.89 ,818.63 ,0.0179
94,837.98 ,835.48 ,840.50 ,832.51 ,0.0074
95,840.98 ,837.03 ,841.82 ,833.81 ,0.0036
96,842.41 ,840.98 ,846.00 ,837.15 ,0.0017
97,848.23 ,844.58 ,849.40 ,838.38 ,0.0069
98,836.18 ,845.43 ,851.06 ,828.70 ,-0.0142
99,827.54 ,838.38 ,838.88 ,817.59 ,-0.0103
100,813.00 ,823.13 ,831.12 ,811.96 ,-0.0176
101,821.55 ,818.35 ,825.75 ,818.10 ,0.0105
102,826.70 ,821.13 ,832.76 ,820.45 ,0.0063
103,822.32 ,828.76 ,830.74 ,819.11 ,-0.0053
104,831.08 ,827.47 ,832.69 ,826.00 ,0.0107
105,844.67 ,837.40 ,846.34 ,833.23 ,0.0164
106,842.69 ,845.04 ,851.92 ,839.05 ,-0.0023
107,853.67 ,839.10 ,854.99 ,838.48 ,0.013
108,850.38 ,852.79 ,855.71 ,848.16 ,-0.0039
109,850.38 ,857.48 ,861.54 ,844.06 ,0
110,858.07 ,849.83 ,858.72 ,845.39 ,0.009
111,894.41 ,870.00 ,895.39 ,870.00 ,0.0424
112,887.44 ,894.53 ,895.06 ,880.94 ,-0.0078
113,891.48 ,893.59 ,897.63 ,888.75 ,0.0046
114,898.38 ,892.86 ,902.03 ,890.45 ,0.0077
115,927.08 ,909.73 ,927.47 ,907.73 ,0.0319
116,935.01 ,934.32 ,936.87 ,914.05 ,0.0086
117,884.07 ,917.68 ,917.68 ,872.12 ,-0.0545
118,857.57 ,875.18 ,882.86 ,824.80 ,-0.03
119,830.95 ,828.72 ,851.50 ,826.26 ,-0.031
120,851.55 ,845.31 ,856.67 ,834.37 ,0.0248
121,834.12 ,857.88 ,866.85 ,831.23 ,-0.0205
122,826.49 ,840.44 ,843.12 ,816.32 ,-0.0091
123,832.14 ,835.83 ,842.31 ,827.80 ,0.0068
124,839.76 ,840.96 ,844.80 ,833.70 ,0.0092
125,829.65 ,841.91 ,848.12 ,829.28 ,-0.012
126,815.77 ,810.83 ,818.13 ,804.08 ,-0.0167
127,814.37 ,821.53 ,824.33 ,799.62 ,-0.0017
128,821.31 ,803.47 ,821.43 ,799.83 ,0.0085
129,842.97 ,830.13 ,843.88 ,820.44 ,0.0264
130,823.59 ,842.45 ,847.31 ,821.38 ,-0.023
131,817.80 ,815.90 ,826.79 ,808.89 ,-0.007
132,838.75 ,820.31 ,841.50 ,816.48 ,0.0256
133,851.16 ,850.80 ,854.51 ,842.47 ,0.0148
134,850.20 ,851.38 ,855.33 ,846.80 ,-0.0011
135,851.96 ,849.55 ,861.50 ,846.37 ,0.0021
136,867.58 ,861.82 ,869.84 ,857.22 ,0.0183
137,852.58 ,851.03 ,867.25 ,848.40 ,-0.0173
138,867.96 ,859.35 ,868.28 ,857.75 ,0.018
139,854.98 ,865.84 ,873.32 ,852.07 ,-0.015
140,871.23 ,864.35 ,872.83 ,860.80 ,0.019
141,875.75 ,879.26 ,879.69 ,871.25 ,0.0052
142,890.59 ,882.47 ,891.49 ,880.81 ,0.0169
143,907.61 ,902.34 ,916.43 ,897.61 ,0.0191
144,915.37 ,910.71 ,920.25 ,908.09 ,0.0085
145,903.64 ,920.42 ,922.58 ,897.49 ,-0.0128
146,901.78 ,889.21 ,902.92 ,887.52 ,-0.0021
147,901.21 ,908.44 ,914.32 ,899.36 ,-0.0006
148,893.11 ,907.72 ,912.89 ,890.11 ,-0.009
149,891.46 ,895.46 ,902.69 ,889.59 ,-0.0018
150,895.31 ,903.56 ,912.60 ,894.12 ,0.0043
151,894.86 ,897.35 ,899.33 ,880.24 ,-0.0005
152,904.36 ,896.96 ,904.40 ,889.73 ,0.0106
153,886.72 ,898.19 ,908.38 ,874.84 ,-0.0195
154,900.13 ,892.07 ,902.26 ,889.74 ,0.0151
155,867.83 ,884.44 ,886.21 ,865.67 ,-0.0359
156,880.58 ,880.95 ,886.75 ,875.05 ,0.0147
157,845.51 ,874.07 ,875.61 ,838.36 ,-0.0398
158,843.45 ,851.21 ,857.05 ,831.54 ,-0.0024
159,858.48 ,846.32 ,864.85 ,842.33 ,0.0178
160,900.55 ,883.81 ,903.69 ,880.33 ,0.049
161,927.25 ,921.19 ,930.75 ,918.22 ,0.0296
162,931.04 ,924.63 ,932.67 ,914.35 ,0.0041
163,883.90 ,914.95 ,920.38 ,883.34 ,-0.0506
164,863.04 ,877.53 ,879.40 ,845.56 ,-0.0236
165,886.87 ,874.83 ,887.78 ,873.47 ,0.0276
166,886.17 ,889.15 ,897.34 ,882.23 ,-0.0008
167,892.16 ,895.00 ,895.89 ,881.87 ,0.0068
168,893.48 ,884.63 ,895.52 ,881.26 ,0.0015
169,897.17 ,894.33 ,901.34 ,890.09 ,0.0041
170,893.66 ,897.08 ,902.50 ,890.46 ,-0.0039
171,907.20 ,892.64 ,908.98 ,891.96 ,0.0152
172,907.61 ,908.11 ,916.57 ,905.38 ,0.0005
173,909.26 ,912.91 ,914.39 ,900.13 ,0.0018
174,914.30 ,910.92 ,914.45 ,904.40 ,0.0055
175,926.70 ,918.82 ,928.63 ,917.84 ,0.0136
176,939.78 ,933.30 ,940.44 ,928.63 ,0.0141
177,937.85 ,941.28 ,942.31 ,917.67 ,-0.0021
178,938.14 ,938.05 ,944.06 ,929.82 ,0.0003
179,934.83 ,929.37 ,938.65 ,918.72 ,-0.0035
180,938.68 ,937.03 ,944.60 ,936.88 ,0.0041
181,943.35 ,941.52 ,947.18 ,940.42 ,0.005
182,948.13 ,943.02 ,951.56 ,942.59 ,0.0051
183,952.02 ,950.97 ,952.86 ,944.44 ,0.0041
184,930.78 ,952.70 ,954.42 ,925.90 ,-0.0223
185,948.74 ,923.80 ,949.61 ,921.23 ,0.0193
186,951.37 ,945.01 ,951.48 ,937.83 ,0.0028
187,951.66 ,953.73 ,961.19 ,949.86 ,0.0003
188,960.45 ,956.13 ,960.68 ,952.13 ,0.0092
189,971.18 ,963.50 ,972.51 ,963.07 ,0.0112
190,982.05 ,978.94 ,986.47 ,977.36 ,0.0112
191,985.75 ,986.23 ,986.67 ,977.35 ,0.0038
192,982.72 ,976.52 ,985.73 ,967.29 ,-0.0031
193,995.20 ,984.22 ,995.55 ,980.63 ,0.0127
194,982.14 ,996.49 ,996.97 ,982.12 ,-0.0131
195,978.66 ,984.91 ,988.54 ,976.78 ,-0.0035
196,970.12 ,986.35 ,986.90 ,963.19 ,-0.0087
197,967.63 ,976.19 ,978.68 ,963.00 ,-0.0026
198,963.47 ,972.36 ,973.44 ,963.11 ,-0.0043
199,961.57 ,963.76 ,963.90 ,957.20 ,-0.002
200,951.99 ,965.85 ,966.22 ,935.98 ,-0.01
201,959.20 ,948.54 ,960.01 ,947.86 ,0.0076
202,941.72 ,941.30 ,954.95 ,936.20 ,-0.0182
203,965.64 ,949.63 ,967.00 ,949.63 ,0.0254
204,978.15 ,972.03 ,979.47 ,966.18 ,0.013
205,965.85 ,965.03 ,976.87 ,955.70 ,-0.0126
206,976.80 ,967.34 ,978.51 ,963.25 ,0.0113
207,979.64 ,976.75 ,988.48 ,974.50 ,0.0029
208,972.31 ,982.67 ,989.03 ,970.98 ,-0.0075
209,964.38 ,975.50 ,980.28 ,959.95 ,-0.0082
210,981.25 ,974.90 ,982.98 ,968.16 ,0.0175
211,1006.29 ,1000.78 ,1009.62 ,995.96 ,0.0255
212,1008.94 ,1013.96 ,1014.29 ,1006.07 ,0.0026
213,1011.78 ,1006.63 ,1012.75 ,1004.92 ,0.0028
214,1012.00 ,1022.81 ,1028.97 ,992.55 ,0.0002
215,1008.55 ,1014.21 ,1016.91 ,1006.79 ,-0.0034
216,978.65 ,994.85 ,1002.06 ,974.48 ,-0.0296
217,990.73 ,987.84 ,1003.05 ,986.94 ,0.0123
218,978.51 ,987.91 ,990.73 ,966.60 ,-0.0123
219,1004.67 ,987.11 ,1006.94 ,981.34 ,0.0267
220,1026.65 ,1015.34 ,1029.52 ,1014.29 ,0.0219
221,1031.04 ,1039.54 ,1040.63 ,1027.80 ,0.0043
222,1050.75 ,1042.15 ,1050.77 ,1038.36 ,0.0191
223,1068.89 ,1055.08 ,1069.13 ,1051.97 ,0.0173
224,1076.01 ,1076.05 ,1080.65 ,1068.63 ,0.0067
225,1080.41 ,1073.81 ,1084.03 ,1073.74 ,0.0041
226,1084.58 ,1086.74 ,1091.10 ,1065.74 ,0.0039
227,1092.81 ,1095.38 ,1101.28 ,1085.45 ,0.0076
228,1101.29 ,1092.01 ,1101.74 ,1086.27 ,0.0078
229,1101.05 ,1107.44 ,1114.09 ,1093.63 ,-0.0002
230,1088.89 ,1088.01 ,1092.41 ,1072.91 ,-0.011
231,1081.57 ,1075.41 ,1085.71 ,1066.17 ,-0.0067
232,1079.48 ,1088.08 ,1090.47 ,1078.25 ,-0.0019
233,1044.15 ,1066.13 ,1068.50 ,1042.57 ,-0.0327
234,1045.33 ,1015.32 ,1048.90 ,990.76 ,0.0011
235,1043.97 ,1039.72 ,1046.92 ,1025.95 ,-0.0013
236,1005.78 ,1040.07 ,1050.41 ,1000.78 ,-0.0366
237,1014.77 ,1019.12 ,1027.04 ,996.30 ,0.0089
238,1047.92 ,1032.71 ,1049.23 ,1023.65 ,0.0327
239,1023.92 ,1053.72 ,1053.72 ,1023.65 ,-0.0229
240,980.17 ,1020.18 ,1023.37 ,976.40 ,-0.0427
241,957.32 ,974.72 ,987.61 ,939.46 ,-0.0233
242,965.67 ,966.73 ,967.42 ,917.08 ,0.0087
243,934.77 ,966.00 ,976.94 ,934.44 ,-0.032
244,976.74 ,966.68 ,983.45 ,961.31 ,0.0449
245,972.54 ,991.80 ,995.37 ,968.88 ,-0.0043
246,1009.24 ,990.94 ,1012.91 ,990.00 ,0.0377
247,997.67 ,992.38 ,998.73 ,980.45 ,-0.0115
248,1009.36 ,998.00 ,1009.50 ,991.76 ,0.0117
249,1006.38 ,1016.83 ,1022.64 ,998.40 ,-0.003
250,1011.15 ,992.89 ,1019.33 ,984.60 ,0.0047
251,974.70 ,995.37 ,997.21 ,973.45 ,-0.036
252,989.76 ,977.94 ,992.24 ,973.04 ,0.0155
253,1002.24 ,992.72 ,1008.99 ,991.57 ,0.0126
254,998.22 ,1004.91 ,1011.86 ,996.22 ,-0.004
255,966.29 ,1000.68 ,1000.89 ,965.23 ,-0.032
256,962.30 ,955.09 ,968.91 ,948.91 ,-0.0041
257,977.34 ,964.31 ,977.86 ,955.12 ,0.0156
258,971.43 ,976.01 ,982.03 ,963.73 ,-0.006
259,968.09 ,965.92 ,971.48 ,958.21 ,-0.0034
260,987.69 ,975.16 ,995.48 ,974.90 ,0.0202
261,1012.90 ,1002.46 ,1015.36 ,1002.45 ,0.0255
262,1021.57 ,1018.95 ,1022.83 ,1011.56 ,0.0086
263,1029.29 ,1021.93 ,1035.31 ,1021.29 ,0.0076
264,1030.72 ,1028.51 ,1035.79 ,1024.54 ,0.0014
265,1047.69 ,1040.63 ,1047.80 ,1038.86 ,0.0165
266,1052.40 ,1043.93 ,1052.59 ,1038.24 ,0.0045
267,1048.89 ,1045.66 ,1051.37 ,1038.53 ,-0.0033
268,1062.19 ,1054.38 ,1065.24 ,1054.38 ,0.0127
269,1045.69 ,1064.28 ,1067.45 ,1043.94 ,-0.0155
270,1063.83 ,1056.06 ,1065.08 ,1054.61 ,0.0173
271,1055.46 ,1064.89 ,1064.89 ,1048.58 ,-0.0079
272,1045.00 ,1050.78 ,1058.57 ,1037.51 ,-0.0099
273,1030.47 ,1043.89 ,1045.83 ,1022.16 ,-0.0139
274,1035.06 ,1021.60 ,1035.38 ,1018.47 ,0.0045
275,1027.83 ,1037.78 ,1044.29 ,1023.64 ,-0.007
276,1044.85 ,1034.70 ,1047.00 ,1034.42 ,0.0166
277,1056.65 ,1046.77 ,1057.44 ,1042.44 ,0.0113
278,1054.78 ,1059.85 ,1063.08 ,1050.67 ,-0.0018
279,1056.74 ,1055.92 ,1064.41 ,1050.07 ,0.0019
280,1053.61 ,1064.20 ,1064.87 ,1040.50 ,-0.003
281,1036.97 ,1042.95 ,1050.84 ,1035.94 ,-0.0158
282,1018.88 ,1040.53 ,1041.19 ,1017.60 ,-0.0174
283,994.71 ,1008.48 ,1010.01 ,978.60 ,-0.0237
284,986.69 ,1005.03 ,1008.23 ,982.85 ,-0.0081
285,984.82 ,982.54 ,985.74 ,969.85 ,-0.0019
286,995.77 ,997.83 ,1007.50 ,992.55 ,0.0111
287,973.85 ,988.93 ,988.93 ,973.83 ,-0.022
288,984.01 ,949.66 ,987.13 ,949.42 ,0.0104
289,953.29 ,968.16 ,974.68 ,948.35 ,-0.0312
290,952.86 ,962.71 ,967.75 ,941.03 ,-0.0005
291,980.61 ,962.86 ,982.39 ,962.20 ,0.0291
292,980.73 ,975.50 ,982.48 ,968.37 ,0.0001
293,977.81 ,984.61 ,993.72 ,977.69 ,-0.003
294,979.43 ,959.55 ,980.49 ,958.35 ,0.0017
295,1000.99 ,982.60 ,1002.49 ,982.07 ,0.022
296,995.29 ,1006.41 ,1007.04 ,994.81 ,-0.0057
297,1014.03 ,1003.05 ,1017.73 ,1001.71 ,0.0188
298,1015.23 ,1019.37 ,1021.60 ,1012.77 ,0.0012
299,1022.95 ,1018.09 ,1025.45 ,1018.09 ,0.0076
300,1018.98 ,1018.20 ,1023.69 ,1009.63 ,-0.0039
301,1023.04 ,1024.60 ,1032.74 ,1022.92 ,0.004
302,1023.63 ,1028.84 ,1031.44 ,1015.51 ,0.0006
303,1027.66 ,1024.76 ,1029.82 ,1021.78 ,0.0039
304,1014.97 ,1019.95 ,1022.32 ,1010.29 ,-0.0123
305,1033.08 ,1022.34 ,1034.23 ,1022.01 ,0.0178
306,1043.19 ,1031.03 ,1044.64 ,1029.96 ,0.0098
307,1046.35 ,1046.17 ,1053.71 ,1039.47 ,0.003
308,1043.15 ,1050.82 ,1053.36 ,1043.06 ,-0.0031
309,1057.72 ,1043.27 ,1058.10 ,1041.09 ,0.014
310,1062.79 ,1057.28 ,1062.84 ,1055.63 ,0.0048
311,1071.26 ,1063.70 ,1071.30 ,1060.89 ,0.008
312,1061.56 ,1070.07 ,1071.33 ,1059.75 ,-0.0091
313,1058.13 ,1061.82 ,1068.31 ,1045.61 ,-0.0032
314,1075.82 ,1053.93 ,1079.41 ,1053.46 ,0.0167
315,1075.02 ,1072.90 ,1081.15 ,1069.70 ,-0.0007
316,1076.59 ,1073.53 ,1079.92 ,1061.29 ,0.0015
317,1090.08 ,1076.24 ,1091.98 ,1074.93 ,0.0125
318,1095.32 ,1090.43 ,1098.52 ,1089.24 ,0.0048
319,1103.93 ,1101.89 ,1111.24 ,1100.25 ,0.0079
320,1104.00 ,1107.15 ,1108.91 ,1097.16 ,0.0001
321,1116.32 ,1108.31 ,1116.68 ,1107.69 ,0.0112
322,1118.30 ,1116.02 ,1118.76 ,1109.78 ,0.0018
323,1109.99 ,1116.06 ,1116.35 ,1108.84 ,-0.0074
324,1110.59 ,1108.67 ,1116.72 ,1102.49 ,0.0005
325,1118.34 ,1115.80 ,1120.14 ,1111.69 ,0.007
326,1130.36 ,1121.54 ,1131.53 ,1117.92 ,0.0107
327,1124.77 ,1137.94 ,1139.58 ,1120.86 ,-0.0049
328,1114.97 ,1104.29 ,1121.57 ,1099.31 ,-0.0087
329,1126.50 ,1115.26 ,1126.99 ,1112.47 ,0.0103
330,1121.13 ,1131.46 ,1134.39 ,1118.45 ,-0.0048
331,1114.35 ,1119.22 ,1127.90 ,1112.05 ,-0.006
332,1104.21 ,1121.40 ,1123.19 ,1103.68 ,-0.0091
333,1091.96 ,1105.16 ,1105.75 ,1084.58 ,-0.0111
334,1086.14 ,1096.79 ,1097.84 ,1084.66 ,-0.0053
335,1081.41 ,1072.85 ,1083.56 ,1066.89 ,-0.0044
336,1097.27 ,1086.60 ,1104.18 ,1079.67 ,0.0147
337,1105.62 ,1096.67 ,1105.63 ,1092.46 ,0.0076
338,1115.63 ,1106.62 ,1115.67 ,1106.62 ,0.0091
339,1139.70 ,1128.60 ,1143.18 ,1124.08 ,0.0216
340,1138.55 ,1138.65 ,1141.67 ,1132.17 ,-0.001
341,1122.15 ,1137.34 ,1138.66 ,1106.51 ,-0.0144
342,1132.80 ,1126.04 ,1136.13 ,1120.55 ,0.0095
343,1121.01 ,1123.50 ,1130.22 ,1120.62 ,-0.0104
344,1096.30 ,1099.58 ,1107.21 ,1095.27 ,-0.022
345,1094.20 ,1100.45 ,1101.68 ,1087.88 ,-0.0019
346,1097.65 ,1095.43 ,1101.16 ,1084.16 ,0.0032
347,1102.72 ,1094.57 ,1104.30 ,1090.91 ,0.0046
348,1109.78 ,1100.73 ,1111.62 ,1095.42 ,0.0064
349,1097.89 ,1105.44 ,1107.97 ,1093.55 ,-0.0107
350,1099.08 ,1097.75 ,1101.05 ,1091.07 ,0.0011
351,1087.40 ,1101.77 ,1105.49 ,1086.22 ,-0.0106
352,1087.43 ,1091.40 ,1093.13 ,1078.29 ,0
353,1093.17 ,1085.25 ,1093.82 ,1082.32 ,0.0053
354,1094.60 ,1094.51 ,1096.90 ,1090.22 ,0.0013
355,1087.16 ,1091.07 ,1092.87 ,1073.07 ,-0.0068
356,1075.13 ,1077.45 ,1081.75 ,1068.07 ,-0.0111
357,1069.70 ,1074.47 ,1082.65 ,1069.15 ,-0.0051
358,1071.20 ,1061.62 ,1078.58 ,1061.62 ,0.0014
359,1081.99 ,1071.53 ,1082.55 ,1071.10 ,0.0101
360,1099.41 ,1085.45 ,1101.55 ,1085.45 ,0.0161
361,1108.47 ,1104.83 ,1109.28 ,1104.13 ,0.0082
362,1111.81 ,1109.92 ,1113.27 ,1106.73 ,0.003
363,1109.60 ,1114.57 ,1122.87 ,1108.94 ,-0.002
364,1125.28 ,1113.36 ,1127.17 ,1112.70 ,0.0141
365,1136.39 ,1126.91 ,1138.90 ,1124.13 ,0.0099
366,1131.34 ,1131.04 ,1133.83 ,1125.28 ,-0.0044
367,1135.80 ,1135.32 ,1144.57 ,1134.67 ,0.0039
368,1135.13 ,1138.60 ,1140.91 ,1132.46 ,-0.0006
369,1142.75 ,1132.65 ,1144.06 ,1130.88 ,0.0067
370,1144.05 ,1145.31 ,1147.25 ,1139.04 ,0.0011
371,1133.24 ,1143.76 ,1144.01 ,1128.21 ,-0.0094
372,1131.80 ,1132.83 ,1139.29 ,1131.15 ,-0.0013
373,1122.19 ,1136.31 ,1138.40 ,1121.70 ,-0.0085
374,1115.96 ,1125.98 ,1125.98 ,1105.55 ,-0.0056
375,1111.68 ,1117.95 ,1120.17 ,1109.36 ,-0.0038
376,1120.47 ,1112.23 ,1122.04 ,1104.09 ,0.0079
377,1124.96 ,1118.15 ,1126.78 ,1113.16 ,0.004
378,1119.56 ,1123.95 ,1126.39 ,1113.74 ,-0.0048
379,1094.83 ,1098.78 ,1104.83 ,1079.52 ,-0.0221
380,1098.83 ,1102.15 ,1105.57 ,1092.65 ,0.0037
381,1106.74 ,1097.57 ,1111.60 ,1094.71 ,0.0072
382,1121.23 ,1113.26 ,1123.38 ,1108.33 ,0.0131
383,1126.20 ,1115.13 ,1127.28 ,1113.18 ,0.0044
384,1115.31 ,1116.77 ,1118.68 ,1107.89 ,-0.0097
385,1077.66 ,1100.44 ,1102.59 ,1075.26 ,-0.0338
386,1067.28 ,1083.65 ,1087.70 ,1065.86 ,-0.0096
387,1070.22 ,1071.73 ,1079.87 ,1067.29 ,0.0028
388,1083.76 ,1075.20 ,1086.14 ,1066.31 ,0.0127
389,1049.97 ,1075.99 ,1076.03 ,1041.03 ,-0.0312
390,1065.18 ,1053.82 ,1071.24 ,1053.82 ,0.0145
391,1075.55 ,1053.84 ,1077.34 ,1053.53 ,0.0097
392,1088.30 ,1085.88 ,1097.93 ,1084.68 ,0.0119
393,1080.81 ,1093.14 ,1095.02 ,1079.96 ,-0.0069
394,1069.41 ,1076.22 ,1084.63 ,1069.23 ,-0.0105
395,1074.22 ,1073.84 ,1077.98 ,1067.33 ,0.0045
396,1090.40 ,1082.18 ,1092.11 ,1079.70 ,0.0151
397,1106.14 ,1102.66 ,1110.93 ,1101.13 ,0.0144
398,1110.13 ,1110.72 ,1113.41 ,1104.71 ,0.0036
399,1118.58 ,1106.18 ,1118.73 ,1105.69 ,0.0076
400,1127.85 ,1121.69 ,1130.01 ,1117.62 ,0.0083
401,1123.76 ,1130.39 ,1132.83 ,1118.30 ,-0.0036
402,1130.25 ,1122.40 ,1132.45 ,1118.33 ,0.0058
403,1105.89 ,1115.31 ,1120.51 ,1100.41 ,-0.0216
404,1108.12 ,1105.23 ,1110.94 ,1096.90 ,0.002
405,1104.09 ,1117.24 ,1118.34 ,1099.31 ,-0.0036
406,1095.29 ,1104.45 ,1109.93 ,1095.23 ,-0.008
407,1103.85 ,1095.43 ,1106.46 ,1089.71 ,0.0078
408,1109.21 ,1097.24 ,1110.18 ,1096.47 ,0.0049
409,1109.16 ,1110.20 ,1112.14 ,1103.01 ,0
410,1106.14 ,1112.57 ,1113.25 ,1100.36 ,-0.0027
411,1113.00 ,1103.84 ,1113.72 ,1099.70 ,0.0062
412,1121.86 ,1115.63 ,1128.46 ,1113.79 ,0.008
413,1125.69 ,1129.74 ,1134.19 ,1122.60 ,0.0034
414,1129.62 ,1129.93 ,1136.44 ,1128.80 ,0.0035
415,1128.52 ,1129.82 ,1132.32 ,1116.93 ,-0.001
416,1102.32 ,1120.92 ,1127.31 ,1095.34 ,-0.0232
417,1101.94 ,1109.84 ,1113.47 ,1101.23 ,-0.0003
418,1125.45 ,1108.86 ,1125.60 ,1105.51 ,0.0213
419,1131.24 ,1128.17 ,1136.83 ,1126.79 ,0.0051
420,1137.37 ,1129.45 ,1138.71 ,1127.10 ,0.0054
421,1128.09 ,1138.19 ,1141.97 ,1127.64 ,-0.0082
422,1121.51 ,1126.05 ,1126.05 ,1110.50 ,-0.0058
423,1110.41 ,1125.24 ,1127.13 ,1109.81 ,-0.0099
424,1079.50 ,1112.67 ,1112.74 ,1076.37 ,-0.0278
425,1067.06 ,1070.03 ,1078.22 ,1052.35 ,-0.0115
426,1078.07 ,1060.99 ,1079.66 ,1055.95 ,0.0103
427,1066.19 ,1076.04 ,1080.62 ,1063.25 ,-0.011
428,1075.32 ,1077.97 ,1080.36 ,1064.70 ,0.0086
429,1042.98 ,1073.80 ,1077.59 ,1039.38 ,-0.0301
430,1004.56 ,1054.42 ,1056.75 ,1004.13 ,-0.0368
431,1021.80 ,1001.94 ,1025.89 ,1000.98 ,0.0172
432,994.73 ,1017.57 ,1018.58 ,978.92 ,-0.0265
433,1009.92 ,993.49 ,1013.86 ,979.69 ,0.0153
434,1038.99 ,1027.61 ,1045.96 ,1027.61 ,0.0288
435,1054.71 ,1042.27 ,1058.41 ,1034.36 ,0.0151
436,1037.95 ,1053.42 ,1060.76 ,1036.08 ,-0.0159
437,1033.82 ,1043.26 ,1050.37 ,1027.08 ,-0.004
438,1021.97 ,1031.49 ,1038.88 ,1015.76 ,-0.0115
439,1008.13 ,1005.91 ,1012.44 ,996.81 ,-0.0135
440,1027.21 ,1006.13 ,1028.15 ,990.37 ,0.0189
441,1001.13 ,1027.00 ,1028.92 ,993.68 ,-0.0254
442,1010.87 ,992.89 ,1015.98 ,981.73 ,0.0097
443,997.92 ,995.11 ,1003.11 ,988.87 ,-0.0128
444,1030.21 ,1005.73 ,1031.80 ,999.43 ,0.0324
445,1033.37 ,1027.52 ,1036.79 ,1023.98 ,0.0031
446,1039.76 ,1033.27 ,1043.39 ,1029.65 ,0.0062
447,1047.15 ,1041.72 ,1051.07 ,1041.57 ,0.0071
448,1036.54 ,1049.22 ,1050.51 ,1033.95 ,-0.0101
449,1033.72 ,1036.13 ,1038.40 ,1026.25 ,-0.0027
450,1038.75 ,1034.52 ,1049.19 ,1034.09 ,0.0049
451,1026.48 ,1036.58 ,1042.56 ,1026.32 ,-0.0118
452,1028.87 ,1030.64 ,1032.58 ,1013.83 ,0.0023
453,1005.83 ,1028.91 ,1028.91 ,990.89 ,-0.0224
454,963.88 ,995.40 ,1001.92 ,963.84 ,-0.0417
455,965.31 ,957.00 ,978.10 ,950.27 ,0.0015
456,958.36 ,963.56 ,976.70 ,952.06 ,-0.0072
457,961.10 ,944.76 ,961.40 ,922.69 ,0.0029
458,980.36 ,959.39 ,982.60 ,956.09 ,0.02
459,975.64 ,987.71 ,993.48 ,969.79 ,-0.0048
460,945.06 ,976.70 ,977.80 ,944.07 ,-0.0313
461,945.55 ,938.62 ,950.91 ,931.23 ,0.0005
462,919.76 ,928.92 ,937.08 ,918.25 ,-0.0273
463,916.21 ,920.86 ,935.51 ,915.88 ,-0.0039
464,906.73 ,926.17 ,942.19 ,905.63 ,-0.0103
465,865.71 ,892.35 ,898.57 ,864.77 ,-0.0452
466,878.19 ,841.14 ,879.41 ,816.68 ,0.0144
467,847.24 ,862.56 ,867.37 ,840.23 ,-0.0352
468,835.84 ,868.25 ,873.59 ,828.78 ,-0.0135
469,832.63 ,849.39 ,862.06 ,831.49 ,-0.0038
470,860.40 ,837.06 ,860.40 ,823.54 ,0.0334
471,901.86 ,865.14 ,902.02 ,863.73 ,0.0482
472,915.28 ,907.69 ,916.47 ,890.79 ,0.0149
473,896.54 ,920.17 ,920.17 ,888.47 ,-0.0205
474,838.19 ,853.48 ,862.13 ,836.60 ,-0.0651
475,873.54 ,855.90 ,884.10 ,846.37 ,0.0422
476,866.26 ,875.60 ,889.57 ,863.72 ,-0.0083
477,871.55 ,858.42 ,873.85 ,855.49 ,0.0061
478,894.19 ,883.56 ,894.22 ,876.83 ,0.026
479,884.35 ,879.88 ,906.90 ,877.34 ,-0.011
480,860.25 ,890.82 ,896.57 ,855.25 ,-0.0273
481,860.87 ,855.96 ,876.30 ,854.43 ,0.0007
482,886.96 ,875.42 ,887.68 ,871.25 ,0.0303
483,878.00 ,873.67 ,880.38 ,866.53 ,-0.0101
484,847.31 ,870.75 ,875.47 ,846.56 ,-0.035
485,832.67 ,848.78 ,854.90 ,828.93 ,-0.0173
486,820.01 ,825.20 ,839.38 ,813.00 ,-0.0152
487,795.75 ,826.91 ,829.87 ,795.27 ,-0.0296
488,834.86 ,767.62 ,837.00 ,766.75 ,0.0491
489,847.02 ,836.06 ,847.18 ,820.88 ,0.0146
490,852.90 ,843.70 ,860.46 ,837.20 ,0.0069
491,841.66 ,853.16 ,860.26 ,836.60 ,-0.0132
492,848.48 ,844.92 ,852.02 ,826.34 ,0.0081
493,818.25 ,845.72 ,845.72 ,813.27 ,-0.0356
494,799.46 ,816.98 ,822.13 ,793.60 ,-0.023
495,759.82 ,801.12 ,803.21 ,759.68 ,-0.0496
496,758.97 ,757.17 ,781.55 ,748.97 ,-0.0011
497,794.34 ,779.37 ,796.92 ,777.84 ,0.0466
498,785.10 ,785.60 ,790.92 ,775.23 ,-0.0116
499,757.80 ,790.14 ,790.14 ,757.34 ,-0.0348
500,739.62 ,756.17 ,765.51 ,735.79 ,-0.024
501,760.46 ,744.58 ,761.77 ,740.62 ,0.0282
502,796.32 ,771.24 ,796.42 ,764.42 ,0.0472
503,816.39 ,790.60 ,817.57 ,788.43 ,0.0252
504,844.60 ,813.94 ,845.31 ,812.00 ,0.0346
505,832.89 ,838.55 ,844.47 ,821.60 ,-0.0139
506,854.64 ,832.07 ,862.05 ,831.25 ,0.0261
507,840.10 ,843.51 ,856.01 ,835.95 ,-0.017
508,854.82 ,844.29 ,854.84 ,831.17 ,0.0175
509,844.71 ,855.85 ,856.52 ,833.03 ,-0.0118
510,860.81 ,845.61 ,861.33 ,838.52 ,0.0191
511,883.96 ,872.19 ,887.87 ,866.81 ,0.0269
512,866.99 ,878.07 ,885.24 ,862.43 ,-0.0192
513,852.57 ,867.48 ,868.39 ,852.54 ,-0.0166
514,859.71 ,856.39 ,867.06 ,853.36 ,0.0084
515,889.01 ,867.94 ,891.09 ,867.34 ,0.0341
516,865.29 ,889.55 ,890.76 ,862.60 ,-0.0267
517,833.21 ,848.90 ,851.16 ,824.20 ,-0.0371
518,829.89 ,830.02 ,840.49 ,812.47 ,-0.004
519,816.67 ,824.28 ,828.85 ,815.29 ,-0.0159
520,806.78 ,805.33 ,816.87 ,798.84 ,-0.0121
521,799.81 ,819.65 ,829.31 ,796.17 ,-0.0086
522,820.54 ,797.41 ,822.88 ,796.22 ,0.0259
523,798.89 ,822.85 ,823.09 ,798.65 ,-0.0264
524,791.17 ,796.68 ,798.65 ,779.84 ,-0.0097
525,812.64 ,788.87 ,815.54 ,785.96 ,0.0271
526,774.81 ,802.03 ,802.03 ,772.94 ,-0.0466
527,746.73 ,781.88 ,790.12 ,744.36 ,-0.0362
528,731.16 ,748.19 ,755.28 ,729.04 ,-0.0209
529,747.46 ,727.94 ,747.64 ,727.18 ,0.0223
530,719.02 ,741.55 ,743.11 ,718.94 ,-0.038
531,707.78 ,713.79 ,728.03 ,704.71 ,-0.0156
532,740.40 ,722.71 ,745.54 ,710.19 ,0.0461
533,703.87 ,726.66 ,740.09 ,702.86 ,-0.0493
534,720.89 ,701.10 ,721.27 ,695.89 ,0.0242
535,716.03 ,716.59 ,726.29 ,711.03 ,-0.0067
536,737.92 ,712.47 ,738.71 ,693.63 ,0.0306
537,688.84 ,723.36 ,723.36 ,681.03 ,-0.0665
538,669.13 ,679.84 ,687.95 ,657.35 ,-0.0286
539,635.82 ,654.85 ,663.05 ,633.02 ,-0.0498
540,638.04 ,648.80 ,656.27 ,622.16 ,0.0035
541,618.07 ,631.52 ,648.75 ,616.74 ,-0.0313
542,624.17 ,608.81 ,639.30 ,602.36 ,0.0099
543,655.97 ,632.76 ,657.51 ,632.76 ,0.0509
544,635.72 ,649.74 ,656.06 ,634.31 ,-0.0309
545,648.11 ,648.41 ,653.46 ,630.29 ,0.0195
546,615.57 ,637.14 ,642.46 ,613.01 ,-0.0502
547,621.68 ,610.01 ,631.23 ,608.75 ,0.0099
548,620.76 ,632.32 ,634.37 ,602.01 ,-0.0015
549,623.27 ,622.02 ,625.41 ,609.39 ,0.004
550,589.60 ,601.93 ,602.54 ,581.90 ,-0.054
551,604.75 ,587.13 ,610.39 ,587.13 ,0.0257
552,621.02 ,602.16 ,625.46 ,597.65 ,0.0269
553,641.22 ,625.57 ,641.23 ,625.57 ,0.0325
554,635.60 ,641.62 ,643.41 ,627.41 ,-0.0088
555,634.02 ,644.95 ,654.33 ,628.98 ,-0.0025
556,664.97 ,632.84 ,667.56 ,631.38 ,0.0488
557,648.59 ,655.13 ,661.81 ,646.56 ,-0.0246
558,651.88 ,658.91 ,663.34 ,646.51 ,0.0051
559,657.62 ,642.67 ,659.05 ,640.99 ,0.0088
560,658.35 ,656.27 ,666.54 ,655.11 ,0.0011
561,633.89 ,652.80 ,658.10 ,633.87 ,-0.0372
562,603.48 ,616.51 ,619.49 ,601.12 ,-0.048
563,567.72 ,580.91 ,587.87 ,565.88 ,-0.0593
564,563.85 ,571.59 ,576.77 ,558.89 ,-0.0068
565,585.00 ,571.45 ,593.50 ,569.95 ,0.0375
566,555.93 ,567.63 ,570.67 ,551.71 ,-0.0497
567,570.09 ,558.38 ,575.40 ,557.19 ,0.0255
568,578.72 ,578.41 ,590.19 ,577.97 ,0.0151
569,581.65 ,571.97 ,593.13 ,571.67 ,0.0051
570,599.72 ,586.90 ,601.73 ,579.87 ,0.0311
571,630.01 ,606.41 ,630.21 ,605.71 ,0.0505
572,618.97 ,632.17 ,634.40 ,615.53 ,-0.0175
573,592.99 ,619.77 ,625.47 ,592.65 ,-0.042
574,592.55 ,592.65 ,597.85 ,584.44 ,-0.0007
575,577.89 ,584.81 ,586.57 ,565.40 ,-0.0247
576,590.27 ,578.56 ,590.67 ,574.17 ,0.0214
577,613.77 ,581.24 ,613.93 ,575.19 ,0.0398
578,611.98 ,614.72 ,621.05 ,605.92 ,-0.0029
579,628.35 ,613.08 ,629.91 ,611.86 ,0.0267
580,624.89 ,617.73 ,632.14 ,613.37 ,-0.0055
581,603.88 ,616.21 ,618.01 ,600.70 ,-0.0336
582,594.49 ,606.30 ,614.83 ,591.31 ,-0.0155
583,592.91 ,581.06 ,600.29 ,577.38 ,-0.0027
584,581.82 ,588.19 ,589.57 ,574.42 ,-0.0187
585,600.36 ,590.45 ,601.45 ,585.67 ,0.0319
586,599.45 ,607.38 ,615.92 ,597.05 ,-0.0015
587,621.06 ,609.06 ,621.52 ,601.51 ,0.036
588,642.04 ,624.67 ,645.55 ,623.74 ,0.0338
589,651.38 ,638.89 ,651.43 ,634.64 ,0.0145
590,624.16 ,640.01 ,650.15 ,620.26 ,-0.0418
591,618.58 ,623.40 ,624.95 ,613.62 ,-0.0089
592,596.69 ,609.90 ,610.02 ,595.07 ,-0.0354
593,629.24 ,611.21 ,632.03 ,608.65 ,0.0546
594,633.57 ,624.32 ,633.58 ,614.41 ,0.0069
595,645.20 ,637.69 ,646.42 ,632.04 ,0.0184
596,646.37 ,639.01 ,655.62 ,632.62 ,0.0018
597,652.29 ,643.90 ,660.15 ,643.90 ,0.0092
598,673.64 ,657.30 ,675.37 ,657.30 ,0.0327
599,676.15 ,671.71 ,676.58 ,665.13 ,0.0037
600,679.09 ,665.89 ,683.61 ,665.25 ,0.0043
601,684.14 ,683.16 ,700.32 ,682.11 ,0.0074
602,669.23 ,677.12 ,678.82 ,664.98 ,-0.0218
603,698.36 ,692.51 ,699.16 ,687.70 ,0.0435
604,690.52 ,706.64 ,713.23 ,688.22 ,-0.0112
605,705.94 ,698.61 ,705.94 ,693.72 ,0.0223
606,709.84 ,702.04 ,711.88 ,701.46 ,0.0055
607,707.94 ,704.79 ,712.94 ,695.24 ,-0.0027
608,691.22 ,696.47 ,700.00 ,686.99 ,-0.0236
609,695.66 ,692.61 ,698.26 ,687.29 ,0.0064
610,673.95 ,683.45 ,685.94 ,670.09 ,-0.0312
611,653.36 ,659.74 ,663.47 ,651.33 ,-0.0306
612,647.29 ,650.27 ,660.46 ,646.80 ,-0.0093
613,653.11 ,646.76 ,659.70 ,644.88 ,0.009
614,671.44 ,655.83 ,671.55 ,655.83 ,0.0281
615,645.09 ,671.56 ,674.00 ,645.05 ,-0.0392
616,637.30 ,637.66 ,648.44 ,635.95 ,-0.0121
617,633.91 ,644.37 ,647.89 ,626.94 ,-0.0053
618,632.38 ,646.09 ,649.69 ,631.87 ,-0.0024
619,625.75 ,622.86 ,628.50 ,609.94 ,-0.0105
620,619.26 ,632.96 ,637.02 ,615.81 ,-0.0104
621,612.47 ,618.85 ,620.22 ,606.74 ,-0.011
622,631.30 ,615.02 ,632.41 ,612.83 ,0.0307
623,639.06 ,623.68 ,641.19 ,622.61 ,0.0123
624,656.24 ,646.74 ,657.75 ,646.70 ,0.0269
625,664.63 ,659.12 ,666.45 ,657.60 ,0.0128
626,628.89 ,638.80 ,641.13 ,627.59 ,-0.0538
627,635.37 ,630.66 ,636.04 ,623.29 ,0.0103
628,630.52 ,629.23 ,644.61 ,627.32 ,-0.0076
629,616.93 ,618.84 ,618.84 ,610.12 ,-0.0216
630,620.10 ,612.25 ,620.70 ,609.39 ,0.0051
631,608.21 ,613.27 ,617.63 ,605.70 ,-0.0192
632,596.70 ,610.97 ,621.38 ,596.63 ,-0.0189
633,585.49 ,593.35 ,597.49 ,583.94 ,-0.0188
634,575.54 ,580.13 ,583.33 ,567.12 ,-0.017
635,569.06 ,574.45 ,586.15 ,568.75 ,-0.0113
636,573.79 ,579.67 ,585.46 ,567.19 ,0.0083
637,594.60 ,575.64 ,597.37 ,574.52 ,0.0363
638,581.19 ,585.30 ,587.10 ,574.69 ,-0.0226
639,574.49 ,578.77 ,592.56 ,574.20 ,-0.0115
640,586.77 ,580.47 ,590.67 ,574.14 ,0.0214
641,615.04 ,603.56 ,615.31 ,603.51 ,0.0482
642,613.86 ,603.40 ,617.30 ,597.50 ,-0.0019
643,613.59 ,613.49 ,621.30 ,608.92 ,-0.0004
644,587.50 ,600.69 ,602.02 ,584.64 ,-0.0425
645,575.77 ,588.90 ,588.93 ,568.83 ,-0.02
646,562.85 ,572.41 ,575.57 ,555.35 ,-0.0224
647,566.28 ,563.70 ,569.00 ,556.85 ,0.0061
648,568.28 ,546.50 ,571.72 ,539.70 ,0.0035
649,552.88 ,578.13 ,580.60 ,552.27 ,-0.0271
650,580.64 ,564.70 ,583.01 ,564.70 ,0.0502
651,590.76 ,600.57 ,601.81 ,584.19 ,0.0174
652,586.59 ,586.96 ,596.94 ,582.45 ,-0.0071
653,588.85 ,586.93 ,604.03 ,585.04 ,0.0039
654,595.81 ,579.15 ,596.57 ,575.90 ,0.0118
655,597.08 ,596.14 ,599.49 ,582.75 ,0.0021
656,618.59 ,600.99 ,620.46 ,600.99 ,0.036
657,601.85 ,601.10 ,619.21 ,598.81 ,-0.0271
658,591.25 ,597.80 ,604.89 ,590.13 ,-0.0176
659,594.86 ,583.15 ,595.34 ,578.86 ,0.0061
660,586.36 ,592.12 ,595.05 ,581.80 ,-0.0143
661,579.88 ,597.80 ,598.74 ,578.72 ,-0.0111
662,548.56 ,576.89 ,577.17 ,548.47 ,-0.054
663,540.29 ,544.94 ,552.77 ,539.15 ,-0.0151
664,534.01 ,548.97 ,549.23 ,522.72 ,-0.0116
665,539.54 ,540.11 ,541.24 ,530.61 ,0.0104
666,543.86 ,541.91 ,552.97 ,534.94 ,0.008
667,528.30 ,539.40 ,540.05 ,527.41 ,-0.0286
668,580.22 ,560.86 ,580.38 ,558.72 ,0.0983
669,603.50 ,581.70 ,607.21 ,578.20 ,0.0401
670,596.13 ,596.86 ,606.67 ,592.58 ,-0.0122
671,612.28 ,616.42 ,619.17 ,604.12 ,0.0271
672,594.15 ,603.79 ,604.10 ,592.04 ,-0.0296
673,582.92 ,580.96 ,588.71 ,577.84 ,-0.0189
674,579.86 ,592.05 ,592.05 ,574.55 ,-0.0052
675,569.60 ,575.17 ,579.21 ,566.00 ,-0.0177
676,574.46 ,569.03 ,574.77 ,560.07 ,0.0085
677,584.69 ,574.82 ,586.64 ,572.65 ,0.0178
678,581.72 ,581.41 ,583.87 ,579.73 ,-0.0051
679,574.12 ,578.29 ,585.32 ,572.41 ,-0.0131
680,570.09 ,575.21 ,576.93 ,568.02 ,-0.007
681,602.82 ,570.69 ,602.82 ,569.30 ,0.0574
682,609.71 ,602.68 ,613.27 ,600.10 ,0.0114
683,603.22 ,597.89 ,605.86 ,595.35 ,-0.0106
684,583.98 ,597.69 ,601.21 ,581.97 ,-0.0319
685,570.05 ,582.48 ,582.91 ,565.66 ,-0.0239
686,565.97 ,567.39 ,572.86 ,561.31 ,-0.0072
687,577.75 ,571.91 ,580.93 ,565.92 ,0.0208
688,577.18 ,577.61 ,584.82 ,574.48 ,-0.001
689,588.78 ,578.61 ,588.84 ,578.40 ,0.0201
690,600.49 ,616.87 ,620.42 ,594.06 ,0.0199
691,599.18 ,600.55 ,608.20 ,591.99 ,-0.0022
692,574.48 ,586.62 ,588.19 ,571.69 ,-0.0412
693,571.26 ,571.65 ,576.60 ,566.52 ,-0.0056
694,558.39 ,569.77 ,570.25 ,556.36 ,-0.0225
695,561.04 ,553.73 ,565.02 ,551.58 ,0.0047
696,568.95 ,561.79 ,572.69 ,557.42 ,0.0141
697,555.91 ,560.14 ,560.94 ,545.26 ,-0.0229
698,555.88 ,552.19 ,557.43 ,547.84 ,-0.0001
699,547.03 ,553.07 ,553.07 ,542.73 ,-0.0159
700,541.72 ,545.01 ,550.16 ,539.95 ,-0.0097
701,560.64 ,547.74 ,562.06 ,545.86 ,0.0349
702,560.73 ,550.99 ,560.83 ,550.52 ,0.0002
703,562.12 ,570.77 ,576.23 ,556.66 ,0.0025
704,566.92 ,570.86 ,571.06 ,559.72 ,0.0085
705,552.50 ,561.98 ,561.98 ,550.90 ,-0.0254
706,563.11 ,556.53 ,565.09 ,545.56 ,0.0192
707,570.95 ,570.38 ,581.85 ,568.90 ,0.0139
708,578.79 ,567.31 ,579.12 ,567.28 ,0.0137
709,592.04 ,581.27 ,592.09 ,578.84 ,0.0229
710,596.98 ,596.33 ,597.94 ,581.70 ,0.0083
711,602.92 ,590.29 ,604.19 ,590.29 ,0.01
712,603.80 ,602.62 ,605.77 ,594.84 ,0.0015
713,594.93 ,609.86 ,613.94 ,594.83 ,-0.0147
714,589.91 ,588.66 ,594.49 ,585.84 ,-0.0084
715,610.60 ,594.73 ,610.85 ,591.68 ,0.0351
716,626.68 ,613.14 ,627.04 ,609.35 ,0.0263
717,620.28 ,621.69 ,630.05 ,619.06 ,-0.0102
718,617.83 ,605.30 ,619.68 ,599.87 ,-0.0039
719,632.13 ,627.70 ,632.21 ,619.18 ,0.0231
720,643.56 ,629.02 ,648.44 ,628.88 ,0.0181
721,630.94 ,635.61 ,640.93 ,628.52 ,-0.0196
722,643.37 ,632.16 ,643.46 ,631.61 ,0.0197
723,656.60 ,640.54 ,660.46 ,634.33 ,0.0206
724,698.21 ,684.81 ,705.60 ,683.10 ,0.0634
725,674.53 ,673.26 ,694.83 ,672.92 ,-0.0339
726,664.31 ,665.40 ,673.14 ,662.19 ,-0.0152
727,678.23 ,662.77 ,680.93 ,656.55 ,0.021
728,662.28 ,673.58 ,675.66 ,659.58 ,-0.0235
729,652.23 ,671.63 ,672.00 ,649.42 ,-0.0152
730,639.48 ,645.18 ,648.80 ,634.33 ,-0.0195
731,653.26 ,644.10 ,655.55 ,639.77 ,0.0215
732,660.36 ,647.40 ,664.10 ,642.90 ,0.0109
733,673.71 ,659.84 ,674.04 ,658.67 ,0.0202
734,659.43 ,662.16 ,673.17 ,658.75 ,-0.0212
735,645.74 ,654.13 ,654.53 ,639.06 ,-0.0208
736,630.73 ,635.41 ,642.17 ,630.25 ,-0.0232
737,633.16 ,631.81 ,638.46 ,628.20 ,0.0039
738,632.34 ,637.42 ,637.42 ,620.51 ,-0.0013
739,618.03 ,618.63 ,622.18 ,613.21 ,-0.0226
740,620.89 ,625.18 ,626.91 ,618.90 ,0.0046
741,623.66 ,621.85 ,628.22 ,621.04 ,0.0045
742,618.21 ,623.69 ,627.63 ,616.73 ,-0.0087
743,624.74 ,619.56 ,625.89 ,615.22 ,0.0106
744,642.29 ,629.94 ,643.08 ,629.71 ,0.0281
745,640.08 ,646.75 ,653.91 ,639.87 ,-0.0034
746,635.08 ,641.60 ,648.09 ,634.45 ,-0.0078
747,634.44 ,633.88 ,638.39 ,628.27 ,-0.001
748,617.55 ,633.81 ,640.78 ,616.09 ,-0.0266
749,599.40 ,613.04 ,615.76 ,595.93 ,-0.0294
750,602.85 ,592.85 ,610.74 ,585.15 ,0.0058
751,617.34 ,615.54 ,620.53 ,609.89 ,0.024
752,624.40 ,609.68 ,625.02 ,608.74 ,0.0114
753,642.80 ,624.22 ,643.23 ,622.67 ,0.0295
754,635.07 ,640.26 ,644.49 ,630.54 ,-0.012
755,635.31 ,632.16 ,636.63 ,627.56 ,0.0004
756,652.84 ,640.87 ,654.61 ,640.73 ,0.0276
757,637.65 ,652.36 ,660.27 ,637.37 ,-0.0233
758,647.15 ,646.97 ,658.34 ,640.34 ,0.0149
759,647.16 ,644.76 ,647.46 ,638.62 ,0
760,644.40 ,649.82 ,653.53 ,641.27 ,-0.0043
761,639.93 ,643.08 ,643.70 ,635.38 ,-0.0069
762,651.17 ,647.36 ,652.28 ,644.52 ,0.0176
763,656.15 ,656.61 ,659.80 ,652.28 ,0.0076
764,673.74 ,657.90 ,674.02 ,657.77 ,0.0268
765,668.98 ,667.38 ,670.43 ,661.99 ,-0.0071
766,668.98 ,671.69 ,674.33 ,665.72 ,0
767,654.80 ,667.12 ,667.12 ,649.11 ,-0.0212
768,658.52 ,649.12 ,659.37 ,643.01 ,0.0057
769,656.95 ,651.30 ,657.64 ,647.45 ,-0.0024
770,654.05 ,654.89 ,658.05 ,648.47 ,-0.0044
771,647.71 ,661.21 ,663.48 ,647.20 ,-0.0097
772,664.28 ,654.15 ,665.32 ,653.87 ,0.0256
773,662.91 ,659.45 ,667.15 ,655.04 ,-0.0021
774,661.68 ,659.57 ,663.52 ,656.58 ,-0.0019
775,660.81 ,667.57 ,668.10 ,658.54 ,-0.0013
776,655.62 ,652.42 ,658.60 ,651.22 ,-0.0079
777,647.77 ,648.18 ,655.77 ,646.05 ,-0.012
778,651.48 ,648.52 ,653.03 ,643.91 ,0.0057
779,648.36 ,652.41 ,656.43 ,643.48 ,-0.0048
780,629.96 ,643.73 ,644.10 ,629.84 ,-0.0284
781,633.54 ,636.96 ,643.65 ,631.75 ,0.0057
782,653.12 ,650.03 ,655.98 ,644.81 ,0.0309
783,648.43 ,643.12 ,648.48 ,635.65 ,-0.0072
784,644.54 ,646.42 ,647.64 ,641.26 ,-0.006
785,632.05 ,641.63 ,642.85 ,629.12 ,-0.0194
786,627.77 ,633.08 ,639.85 ,627.17 ,-0.0068
787,629.78 ,629.66 ,634.36 ,628.03 ,0.0032
788,637.71 ,633.93 ,639.19 ,633.05 ,0.0126
789,645.60 ,638.92 ,646.88 ,638.46 ,0.0124
790,643.21 ,640.37 ,646.91 ,640.37 ,-0.0037
791,653.18 ,649.02 ,655.55 ,646.11 ,0.0155
792,656.83 ,655.89 ,658.95 ,652.21 ,0.0056
793,651.18 ,656.67 ,657.80 ,646.62 ,-0.0086
794,660.77 ,652.43 ,661.87 ,651.42 ,0.0147
795,658.61 ,656.85 ,661.91 ,656.47 ,-0.0033
796,671.78 ,660.85 ,672.63 ,658.59 ,0.02
797,687.91 ,671.77 ,688.58 ,671.55 ,0.024
798,682.60 ,687.93 ,688.69 ,679.93 ,-0.0077
799,690.13 ,683.18 ,693.97 ,682.69 ,0.011
800,681.95 ,685.04 ,694.10 ,681.84 ,-0.0119
801,682.85 ,677.80 ,686.03 ,677.29 ,0.0013
802,682.49 ,687.63 ,688.25 ,678.62 ,-0.0005
803,702.31 ,686.97 ,705.57 ,686.10 ,0.029
804,708.57 ,712.50 ,713.98 ,702.30 ,0.0089
805,711.97 ,703.32 ,712.84 ,702.35 ,0.0048
806,720.07 ,707.01 ,724.41 ,705.08 ,0.0114
807,727.56 ,727.37 ,733.62 ,723.30 ,0.0104
808,729.38 ,723.63 ,733.92 ,722.11 ,0.0025
809,734.38 ,726.37 ,737.64 ,725.42 ,0.0069
810,712.93 ,737.45 ,741.74 ,711.67 ,-0.0292
811,716.49 ,709.08 ,719.02 ,706.71 ,0.005
812,719.03 ,722.00 ,728.87 ,716.70 ,0.0035
813,729.71 ,722.52 ,729.84 ,719.80 ,0.0149
814,736.71 ,737.47 ,738.54 ,729.52 ,0.0096
815,738.17 ,735.39 ,740.58 ,728.05 ,0.002
816,749.88 ,731.84 ,752.26 ,730.64 ,0.0159
817,741.71 ,752.97 ,753.18 ,740.63 ,-0.0109
818,740.62 ,736.67 ,746.46 ,732.97 ,-0.0015
819,725.98 ,738.93 ,739.04 ,722.37 ,-0.0198
820,734.82 ,721.57 ,734.88 ,720.59 ,0.0122
821,727.52 ,725.66 ,731.68 ,722.38 ,-0.0099
822,718.82 ,725.13 ,735.35 ,718.80 ,-0.012
823,731.44 ,723.37 ,734.54 ,719.82 ,0.0176
824,740.94 ,730.63 ,745.05 ,730.63 ,0.013
825,735.36 ,741.25 ,741.87 ,732.31 ,-0.0075
826,743.27 ,743.86 ,749.82 ,742.89 ,0.0108
827,747.25 ,743.64 ,748.12 ,742.54 ,0.0054
828,748.56 ,744.24 ,750.89 ,741.97 ,0.0018
829,735.15 ,737.84 ,738.42 ,728.43 ,-0.0179
830,737.54 ,735.54 ,745.43 ,735.54 ,0.0033
831,745.02 ,735.42 ,745.12 ,732.64 ,0.0101
832,761.12 ,748.97 ,762.50 ,746.92 ,0.0216
833,767.53 ,770.78 ,771.20 ,760.19 ,0.0084
834,785.46 ,775.81 ,786.96 ,774.62 ,0.0234
835,777.70 ,784.32 ,789.38 ,775.15 ,-0.0099
836,785.46 ,777.74 ,788.25 ,776.16 ,0.01
837,792.16 ,786.32 ,793.69 ,781.94 ,0.0085
838,796.15 ,798.56 ,805.22 ,792.74 ,0.005
839,769.13 ,785.65 ,788.91 ,767.76 ,-0.0339
840,767.88 ,775.06 ,778.40 ,765.74 ,-0.0016
841,766.71 ,769.60 ,771.33 ,761.37 ,-0.0015
842,769.96 ,769.97 ,774.67 ,769.11 ,0.0042
843,772.82 ,768.54 ,775.59 ,764.29 ,0.0037
844,766.66 ,786.43 ,788.56 ,764.17 ,-0.008
845,782.82 ,773.92 ,784.96 ,773.12 ,0.0211
846,792.07 ,785.30 ,794.15 ,785.30 ,0.0118
847,788.71 ,788.24 ,791.83 ,782.13 ,-0.0042
848,764.92 ,775.96 ,776.34 ,759.86 ,-0.0302
849,757.56 ,754.41 ,762.35 ,754.20 ,-0.0096
850,762.43 ,774.95 ,776.00 ,761.65 ,0.0064
851,770.79 ,766.03 ,771.03 ,757.52 ,0.011
852,760.86 ,758.51 ,762.36 ,749.20 ,-0.0129
853,751.01 ,762.38 ,763.13 ,748.19 ,-0.0129
854,753.32 ,759.03 ,766.53 ,748.85 ,0.0031
855,749.39 ,747.16 ,754.05 ,746.07 ,-0.0052
856,756.30 ,746.64 ,756.34 ,744.54 ,0.0092
857,744.29 ,752.15 ,753.94 ,742.91 ,-0.0159
858,736.03 ,741.28 ,745.30 ,735.98 ,-0.0111
859,730.01 ,738.86 ,739.87 ,728.76 ,-0.0082
860,729.50 ,718.37 ,732.09 ,717.45 ,-0.0007
861,735.17 ,731.14 ,738.23 ,727.62 ,0.0078
862,737.61 ,738.89 ,741.74 ,734.48 ,0.0033
863,749.41 ,739.78 ,752.88 ,739.16 ,0.016
864,730.41 ,754.69 ,756.18 ,730.38 ,-0.0254
865,739.43 ,732.27 ,742.69 ,725.09 ,0.0123
866,743.39 ,743.69 ,747.50 ,739.78 ,0.0054
867,758.10 ,742.67 ,759.28 ,742.50 ,0.0198
868,761.96 ,757.04 ,762.94 ,754.30 ,0.0051
869,773.50 ,767.38 ,778.05 ,767.38 ,0.0151
870,779.27 ,781.83 ,785.05 ,776.48 ,0.0075
871,781.69 ,777.57 ,784.11 ,775.90 ,0.0031
872,777.25 ,779.60 ,784.00 ,772.53 ,-0.0057
873,776.73 ,767.78 ,778.37 ,766.68 ,-0.0007
874,777.76 ,777.39 ,781.70 ,775.02 ,0.0013
875,786.75 ,782.03 ,788.16 ,781.00 ,0.0116
876,777.95 ,781.00 ,787.85 ,777.89 ,-0.0112
877,773.53 ,776.38 ,779.78 ,771.37 ,-0.0057
878,774.72 ,777.43 ,778.14 ,769.48 ,0.0015
879,762.07 ,771.51 ,772.36 ,759.00 ,-0.0163
880,759.55 ,758.56 ,764.81 ,757.94 ,-0.0033
881,755.52 ,755.86 ,757.56 ,746.72 ,-0.0053
882,745.19 ,758.03 ,761.40 ,745.09 ,-0.0137
883,723.72 ,733.32 ,736.15 ,723.60 ,-0.0288
884,724.35 ,729.48 ,732.89 ,723.49 ,0.0009
885,727.31 ,721.20 ,728.15 ,719.68 ,0.0041
886,714.60 ,721.84 ,724.74 ,713.13 ,-0.0175
887,720.33 ,718.70 ,725.31 ,712.09 ,0.008
888,725.50 ,714.48 ,729.65 ,711.89 ,0.0072
889,728.50 ,734.32 ,739.70 ,726.60 ,0.0041
890,731.90 ,728.76 ,737.03 ,726.53 ,0.0047
891,713.67 ,725.82 ,730.28 ,710.67 ,-0.0249
892,720.65 ,716.85 ,722.52 ,713.56 ,0.0098
893,713.93 ,719.74 ,720.02 ,706.00 ,-0.0093
894,731.70 ,707.23 ,733.69 ,707.16 ,0.0249
895,736.72 ,723.36 ,738.90 ,721.73 ,0.0069
896,743.10 ,737.33 ,749.73 ,736.84 ,0.0087
897,745.88 ,745.55 ,750.55 ,739.74 ,0.0037
898,734.22 ,746.27 ,746.35 ,729.68 ,-0.0156
899,721.97 ,735.30 ,736.51 ,718.98 ,-0.0167
900,736.82 ,726.44 ,739.24 ,725.55 ,0.0206
901,738.10 ,729.54 ,742.09 ,728.60 ,0.0017
902,722.82 ,733.06 ,736.69 ,720.89 ,-0.0207
903,722.60 ,732.31 ,736.81 ,720.93 ,-0.0003
904,708.29 ,720.92 ,722.93 ,706.98 ,-0.0198
905,707.71 ,703.21 ,715.68 ,698.06 ,-0.0008
906,718.94 ,713.49 ,722.79 ,710.97 ,0.0159
907,686.79 ,707.74 ,707.88 ,685.38 ,-0.0447
908,674.40 ,681.91 ,686.50 ,669.17 ,-0.018
909,679.87 ,685.08 ,686.62 ,676.84 ,0.0081
910,688.73 ,685.50 ,692.00 ,681.31 ,0.013
911,697.57 ,695.12 ,699.07 ,688.02 ,0.0128
912,701.52 ,697.27 ,701.90 ,691.98 ,0.0057
913,709.18 ,711.17 ,713.30 ,703.88 ,0.0109
914,725.56 ,714.04 ,727.68 ,714.04 ,0.0231
915,721.01 ,727.02 ,728.41 ,714.50 ,-0.0063
916,735.52 ,727.71 ,739.72 ,725.56 ,0.0201
917,733.19 ,734.46 ,735.77 ,728.48 ,-0.0032
918,722.49 ,735.22 ,735.77 ,721.47 ,-0.0146
919,734.69 ,721.39 ,734.93 ,719.03 ,0.0169
920,733.33 ,730.58 ,736.27 ,728.42 ,-0.0019
921,758.94 ,748.02 ,760.75 ,748.02 ,0.0349
922,761.78 ,763.47 ,768.85 ,758.61 ,0.0037
923,754.59 ,752.55 ,755.47 ,748.48 ,-0.0094
924,757.63 ,753.07 ,757.98 ,752.31 ,0.004
925,766.77 ,757.03 ,768.59 ,757.03 ,0.0121
926,761.20 ,760.97 ,763.18 ,756.30 ,-0.0073
927,768.24 ,766.37 ,772.54 ,764.53 ,0.0092
928,768.66 ,766.54 ,768.76 ,764.53 ,0.0005
929,768.06 ,767.57 ,773.64 ,765.97 ,-0.0008
930,774.08 ,766.10 ,774.25 ,763.41 ,0.0078
931,779.42 ,780.86 ,787.80 ,778.83 ,0.0069
932,782.92 ,786.19 ,790.91 ,775.34 ,0.0045
933,796.98 ,781.41 ,797.27 ,778.69 ,0.018
934,791.44 ,788.53 ,792.60 ,783.24 ,-0.007
935,789.66 ,787.40 ,792.87 ,782.98 ,-0.0022
936,785.78 ,794.21 ,798.11 ,785.42 ,-0.0049
937,796.00 ,789.99 ,798.00 ,788.98 ,0.013
938,801.44 ,790.54 ,803.52 ,790.10 ,0.0068
939,806.17 ,799.33 ,807.16 ,797.71 ,0.0059
940,810.38 ,803.87 ,810.79 ,800.10 ,0.0052
941,825.50 ,812.61 ,826.16 ,806.96 ,0.0187
942,832.79 ,832.86 ,838.64 ,822.96 ,0.0088
943,837.68 ,834.81 ,839.41 ,830.22 ,0.0059
944,847.97 ,838.25 ,851.15 ,837.64 ,0.0123
945,855.82 ,851.57 ,856.93 ,851.51 ,0.0093
946,843.14 ,853.64 ,862.03 ,842.62 ,-0.0148
947,856.46 ,850.35 ,856.81 ,847.77 ,0.0158
948,856.62 ,858.84 ,861.71 ,852.02 ,0.0002
949,858.97 ,857.95 ,860.28 ,855.70 ,0.0027
950,858.77 ,860.61 ,862.93 ,855.74 ,-0.0002
951,859.79 ,859.08 ,862.11 ,857.22 ,0.0012
952,851.49 ,858.58 ,860.88 ,849.07 ,-0.0097
953,831.96 ,841.95 ,843.06 ,826.68 ,-0.0229
954,819.83 ,822.33 ,827.40 ,819.24 ,-0.0146
955,816.62 ,816.21 ,823.05 ,813.06 ,-0.0039
956,821.01 ,815.09 ,826.77 ,814.79 ,0.0054
957,842.60 ,825.92 ,842.70 ,824.85 ,0.0263
958,848.32 ,838.34 ,851.96 ,838.34 ,0.0068
959,855.71 ,850.96 ,859.58 ,848.04 ,0.0087
960,859.81 ,861.43 ,864.39 ,846.84 ,0.0048
961,858.38 ,861.11 ,866.88 ,857.80 ,-0.0017
962,850.11 ,852.98 ,856.23 ,845.81 ,-0.0096
963,847.36 ,844.37 ,847.83 ,831.09 ,-0.0032
964,858.74 ,855.47 ,859.63 ,849.76 ,0.0134
965,873.67 ,863.08 ,873.93 ,860.62 ,0.0174
966,878.73 ,883.48 ,889.42 ,877.18 ,0.0058
967,881.58 ,882.25 ,884.14 ,876.41 ,0.0032
968,884.25 ,895.04 ,896.75 ,883.65 ,0.003
969,889.26 ,890.15 ,894.51 ,882.83 ,0.0057
970,892.37 ,889.84 ,897.99 ,887.07 ,0.0035
971,910.89 ,893.47 ,911.00 ,892.90 ,0.0208
972,900.67 ,908.01 ,909.45 ,899.39 ,-0.0112
973,873.88 ,886.40 ,892.71 ,872.75 ,-0.0297
974,884.59 ,880.72 ,886.67 ,877.19 ,0.0123
975,913.29 ,902.05 ,915.87 ,893.21 ,0.0324
976,903.28 ,909.28 ,912.55 ,896.58 ,-0.011
977,905.16 ,908.37 ,909.08 ,897.37 ,0.0021
978,910.19 ,905.84 ,912.99 ,903.05 ,0.0056
979,917.62 ,911.03 ,919.68 ,909.43 ,0.0082
980,931.59 ,925.58 ,935.16 ,922.52 ,0.0152
981,929.33 ,930.34 ,939.17 ,928.54 ,-0.0024
982,909.28 ,900.21 ,918.43 ,897.87 ,-0.0216
983,926.90 ,917.63 ,927.47 ,912.86 ,0.0194
984,929.23 ,924.85 ,930.11 ,919.34 ,0.0025
985,910.77 ,919.45 ,919.51 ,907.28 ,-0.0199
986,897.94 ,901.76 ,905.46 ,890.15 ,-0.0141
987,891.18 ,888.31 ,892.03 ,883.29 ,-0.0075
988,913.59 ,910.17 ,915.63 ,905.15 ,0.0251
989,916.93 ,920.42 ,924.56 ,913.44 ,0.0037
990,913.58 ,915.78 ,920.04 ,913.14 ,-0.0037
991,921.23 ,916.60 ,922.56 ,915.42 ,0.0084
992,917.98 ,916.12 ,922.72 ,914.32 ,-0.0035
993,926.01 ,918.79 ,927.17 ,915.19 ,0.0087
994,936.55 ,927.25 ,938.62 ,926.49 ,0.0114
995,930.65 ,935.53 ,935.53 ,928.03 ,-0.0063
996,909.38 ,920.52 ,921.79 ,904.41 ,-0.0229
997,914.17 ,921.73 ,924.13 ,910.37 ,0.0053
998,925.65 ,919.14 ,928.60 ,914.30 ,0.0126
999,924.03 ,928.92 ,941.46 ,919.97 ,-0.0018
1000,918.51 ,918.98 ,922.92 ,913.27 ,-0.006
1001,927.46 ,923.48 ,930.17 ,916.75 ,0.0097
1002,928.46 ,925.03 ,933.59 ,924.24 ,0.0011
1003,925.97 ,931.16 ,932.92 ,920.94 ,-0.0027
1004,911.21 ,921.02 ,921.81 ,910.39 ,-0.0159
1005,923.94 ,922.53 ,928.16 ,918.40 ,0.014
1006,924.09 ,916.47 ,924.72 ,911.61 ,0.0002
1007,940.50 ,927.06 ,942.02 ,924.92 ,0.0178
1008,941.62 ,948.42 ,951.54 ,941.50 ,0.0012
1009,942.29 ,941.44 ,945.03 ,938.67 ,0.0007
1010,940.61 ,938.01 ,943.61 ,936.00 ,-0.0018
1011,940.49 ,944.91 ,949.47 ,940.21 ,-0.0001
1012,938.29 ,947.09 ,948.20 ,931.40 ,-0.0023
1013,936.75 ,939.22 ,943.79 ,936.45 ,-0.0016
1014,939.36 ,938.05 ,944.96 ,934.81 ,0.0028
1015,931.73 ,926.60 ,932.31 ,919.75 ,-0.0081
1016,935.56 ,928.39 ,938.68 ,928.39 ,0.0041
1017,922.31 ,942.89 ,948.30 ,922.20 ,-0.0142
1018,939.12 ,924.52 ,943.12 ,924.14 ,0.0182
1019,939.39 ,942.20 ,944.91 ,935.68 ,0.0003
1020,945.25 ,944.40 ,946.60 ,935.34 ,0.0062
1021,936.85 ,933.29 ,938.85 ,931.48 ,-0.0089
1022,949.22 ,942.73 ,950.87 ,935.30 ,0.0132
1023,928.24 ,939.11 ,941.94 ,925.50 ,-0.0221
1024,903.69 ,931.78 ,932.35 ,902.20 ,-0.0264
1025,905.26 ,902.12 ,911.53 ,899.26 ,0.0017
1026,899.50 ,909.17 ,911.19 ,895.15 ,-0.0064
1027,898.50 ,903.10 ,909.65 ,896.58 ,-0.0011
1028,880.41 ,892.59 ,895.40 ,876.02 ,-0.0201
1029,887.84 ,888.67 ,893.68 ,875.62 ,0.0084
1030,905.33 ,894.53 ,908.60 ,893.35 ,0.0197
1031,902.42 ,909.42 ,912.78 ,895.73 ,-0.0032
1032,890.03 ,871.70 ,891.62 ,868.50 ,-0.0137
1033,913.32 ,909.93 ,915.53 ,904.83 ,0.0262
1034,908.28 ,913.90 ,918.00 ,903.68 ,-0.0055
1035,890.65 ,905.51 ,909.96 ,890.57 ,-0.0194
1036,900.08 ,896.77 ,920.52 ,893.89 ,0.0106
1037,913.67 ,908.31 ,914.21 ,896.79 ,0.0151
1038,917.80 ,923.34 ,924.47 ,912.84 ,0.0045
1039,931.41 ,921.33 ,931.43 ,919.95 ,0.0148
1040,930.29 ,927.50 ,933.82 ,926.71 ,-0.0012
1041,926.48 ,922.02 ,929.39 ,922.02 ,-0.0041
1042,924.91 ,921.08 ,925.90 ,917.77 ,-0.0017
1043,921.59 ,925.35 ,927.63 ,918.52 ,-0.0036
1044,924.43 ,921.40 ,924.72 ,918.66 ,0.0031
1045,928.94 ,924.33 ,929.75 ,924.13 ,0.0049
1046,942.20 ,935.74 ,942.60 ,929.44 ,0.0143
1047,938.62 ,940.94 ,943.29 ,938.43 ,-0.0038
1048,940.20 ,939.65 ,942.20 ,936.06 ,0.0017
1049,943.47 ,939.55 ,944.48 ,939.55 ,0.0035
1050,937.62 ,938.75 ,940.34 ,934.87 ,-0.0062
1051,934.72 ,937.93 ,939.82 ,930.74 ,-0.0031
1052,919.73 ,938.19 ,939.81 ,915.87 ,-0.016
1053,920.64 ,918.70 ,926.33 ,916.49 ,0.001
1054,916.81 ,919.98 ,921.50 ,912.31 ,-0.0042
1055,915.38 ,909.32 ,919.78 ,909.32 ,-0.0016
1056,888.34 ,901.84 ,902.11 ,885.25 ,-0.0295
1057,885.17 ,885.80 ,889.18 ,869.79 ,-0.0036
1058,887.91 ,889.46 ,893.29 ,878.30 ,0.0031
1059,888.76 ,886.23 ,891.52 ,883.78 ,0.001
1060,898.18 ,894.73 ,898.40 ,889.94 ,0.0106
1061,908.14 ,901.58 ,910.37 ,901.58 ,0.0111
1062,902.88 ,904.90 ,911.03 ,901.28 ,-0.0058
1063,906.79 ,900.42 ,908.19 ,898.43 ,0.0043
1064,909.72 ,906.29 ,909.86 ,900.13 ,0.0032
1065,913.72 ,919.89 ,922.64 ,910.31 ,0.0044
1066,902.92 ,912.07 ,913.08 ,900.40 ,-0.0118
1067,904.10 ,899.59 ,904.77 ,899.09 ,0.0013
1068,909.68 ,900.44 ,913.17 ,896.58 ,0.0062
1069,905.82 ,907.39 ,909.76 ,903.82 ,-0.0042
1070,910.91 ,907.12 ,911.82 ,905.42 ,0.0056
1071,919.47 ,912.51 ,920.08 ,910.50 ,0.0094
1072,911.82 ,917.72 ,921.37 ,909.98 ,-0.0083
1073,921.99 ,914.05 ,922.25 ,913.77 ,0.0112
1074,926.09 ,918.88 ,927.66 ,917.62 ,0.0044
1075,941.24 ,928.68 ,943.19 ,928.36 ,0.0164
1076,935.90 ,940.57 ,947.05 ,935.29 ,-0.0057
1077,939.56 ,937.92 ,940.07 ,927.82 ,0.0039
1078,945.90 ,938.52 ,946.94 ,936.48 ,0.0067
1079,946.50 ,944.86 ,947.94 ,944.39 ,0.0006
1080,960.20 ,946.47 ,960.94 ,945.87 ,0.0145
1081,953.39 ,958.52 ,958.52 ,951.99 ,-0.0071
1082,946.21 ,955.39 ,957.09 ,946.12 ,-0.0075
1083,943.78 ,948.09 ,948.09 ,935.31 ,-0.0026
1084,931.79 ,944.28 ,949.23 ,927.51 ,-0.0127
1085,933.72 ,928.40 ,940.17 ,927.64 ,0.0021
1086,936.75 ,934.64 ,943.68 ,931.80 ,0.0032
1087,942.04 ,942.70 ,946.24 ,937.50 ,0.0056
1088,917.30 ,930.60 ,930.84 ,915.92 ,-0.0263
1089,906.88 ,922.86 ,922.86 ,903.87 ,-0.0114
1090,906.76 ,907.43 ,912.37 ,904.33 ,-0.0001
1091,916.98 ,914.75 ,920.32 ,911.30 ,0.0113
1092,919.49 ,918.18 ,927.12 ,917.75 ,0.0027
1093,888.39 ,904.63 ,907.43 ,887.60 ,-0.0338
1094,885.90 ,891.74 ,904.93 ,874.73 ,-0.0028
1095,894.99 ,894.41 ,899.67 ,890.30 ,0.0103
1096,896.69 ,901.17 ,903.84 ,895.16 ,0.0019
1097,895.09 ,901.50 ,907.81 ,885.80 ,-0.0018
1098,908.67 ,908.54 ,914.02 ,903.58 ,0.0152
1099,896.91 ,917.75 ,927.23 ,889.52 ,-0.0129
1100,861.25 ,866.59 ,869.72 ,850.84 ,-0.0398
1101,838.33 ,811.08 ,848.50 ,811.08 ,-0.0266
1102,849.47 ,844.06 ,860.89 ,838.66 ,0.0133
1103,840.85 ,857.04 ,866.73 ,840.03 ,-0.0101
1104,864.27 ,853.55 ,866.06 ,848.02 ,0.0279
1105,871.07 ,863.54 ,872.17 ,862.50 ,0.0079
1106,865.93 ,873.22 ,873.28 ,863.75 ,-0.0059
1107,886.46 ,871.31 ,887.29 ,871.28 ,0.0237
1108,886.85 ,888.45 ,891.63 ,880.94 ,0.0004
1109,908.02 ,899.27 ,908.14 ,899.27 ,0.0239
1110,909.17 ,904.58 ,912.41 ,904.01 ,0.0013
1111,920.70 ,911.10 ,920.70 ,908.94 ,0.0127
1112,920.73 ,920.30 ,925.36 ,916.94 ,0
1113,928.68 ,920.93 ,928.79 ,920.11 ,0.0086
1114,916.49 ,928.24 ,931.73 ,915.47 ,-0.0131
1115,928.01 ,927.65 ,930.72 ,920.73 ,0.0126
1116,925.12 ,929.09 ,931.39 ,922.06 ,-0.0031
1117,924.35 ,920.64 ,929.64 ,918.88 ,-0.0008
1118,912.96 ,922.82 ,923.82 ,906.09 ,-0.0123
1119,920.42 ,922.58 ,932.23 ,918.08 ,0.0082
1120,927.56 ,926.69 ,928.01 ,917.07 ,0.0078
1121,904.44 ,922.29 ,926.17 ,899.71 ,-0.0249
1122,901.86 ,898.65 ,909.47 ,896.81 ,-0.0029
1123,904.60 ,899.68 ,909.29 ,898.67 ,0.003
1124,882.66 ,905.91 ,908.93 ,879.40 ,-0.0243
1125,890.55 ,890.72 ,896.79 ,885.56 ,0.0089
1126,893.38 ,895.23 ,897.90 ,883.09 ,0.0032
1127,907.27 ,894.38 ,908.39 ,880.26 ,0.0155
1128,918.65 ,911.25 ,920.14 ,909.22 ,0.0125
1129,922.58 ,919.19 ,927.50 ,919.19 ,0.0043
1130,928.06 ,921.64 ,928.47 ,918.37 ,0.0059
1131,931.60 ,935.06 ,939.31 ,927.56 ,0.0038
1132,931.20 ,932.67 ,941.08 ,926.55 ,-0.0004
1133,956.48 ,953.67 ,959.82 ,948.27 ,0.0271
1134,959.89 ,956.94 ,960.30 ,948.88 ,0.0036
1135,962.58 ,964.38 ,966.22 ,961.16 ,0.0028
1136,970.42 ,967.60 ,970.59 ,958.59 ,0.0081
1137,969.66 ,971.23 ,975.36 ,969.10 ,-0.0008
1138,971.00 ,980.03 ,980.30 ,964.03 ,0.0014
1139,967.11 ,972.62 ,972.62 ,965.28 ,-0.004
1140,968.06 ,965.20 ,968.82 ,959.54 ,0.001
1141,961.50 ,972.11 ,972.51 ,953.74 ,-0.0068
1142,964.66 ,960.53 ,966.11 ,956.44 ,0.0033
1143,964.04 ,957.20 ,965.05 ,956.31 ,-0.0006
1144,983.27 ,976.66 ,983.62 ,969.17 ,0.0199
1145,968.44 ,980.08 ,981.15 ,966.96 ,-0.0151
1146,982.32 ,971.86 ,983.14 ,971.13 ,0.0143
1147,990.58 ,981.61 ,991.74 ,981.41 ,0.0084
1148,994.49 ,986.87 ,996.25 ,986.87 ,0.0039
1149,1000.48 ,995.37 ,1003.54 ,994.82 ,0.006
1150,1000.43 ,1004.50 ,1006.70 ,999.18 ,0
1151,993.93 ,1000.35 ,1000.45 ,988.46 ,-0.0065
1152,995.36 ,993.31 ,995.60 ,988.32 ,0.0014
1153,992.50 ,1000.48 ,1000.63 ,990.07 ,-0.0029
1154,1004.29 ,1000.57 ,1006.32 ,1000.18 ,0.0119
1155,1004.09 ,1000.27 ,1005.24 ,996.43 ,-0.0002
1156,1001.80 ,998.00 ,1005.14 ,996.93 ,-0.0023
1157,985.89 ,1000.23 ,1001.35 ,981.60 ,-0.0159
1158,991.10 ,990.52 ,993.24 ,987.09 ,0.0053
1159,996.10 ,998.04 ,1005.35 ,994.31 ,0.005
1160,999.53 ,1005.47 ,1006.23 ,998.99 ,0.0034
1161,1011.91 ,997.85 ,1013.34 ,996.33 ,0.0124
1162,1012.01 ,1019.12 ,1023.06 ,1011.71 ,0.0001
1163,1003.19 ,1012.36 ,1018.03 ,1002.31 ,-0.0087
1164,1014.38 ,1010.96 ,1020.71 ,1007.50 ,0.0112
1165,1013.30 ,1012.59 ,1017.04 ,1006.86 ,-0.0011
1166,1027.29 ,1016.94 ,1027.47 ,1016.43 ,0.0138
1167,1058.16 ,1043.21 ,1058.53 ,1041.39 ,0.03
1168,1076.23 ,1062.47 ,1079.60 ,1062.39 ,0.0171
1169,1067.94 ,1068.19 ,1068.85 ,1062.49 ,-0.0077
1170,1086.50 ,1074.26 ,1086.93 ,1074.24 ,0.0174
1171,1089.56 ,1084.11 ,1093.07 ,1084.08 ,0.0028
1172,1093.01 ,1089.90 ,1100.56 ,1089.23 ,0.0032
1173,1081.11 ,1091.62 ,1092.27 ,1080.13 ,-0.0109
1174,1054.98 ,1068.40 ,1070.69 ,1050.94 ,-0.0242
1175,1057.94 ,1056.29 ,1062.73 ,1053.99 ,0.0028
1176,1070.38 ,1048.56 ,1070.93 ,1048.56 ,0.0118
1177,1073.25 ,1071.97 ,1074.28 ,1059.85 ,0.0027
1178,1090.08 ,1085.02 ,1093.79 ,1076.37 ,0.0157
1179,1100.78 ,1093.62 ,1102.49 ,1092.65 ,0.0098
1180,1105.77 ,1110.39 ,1116.52 ,1101.16 ,0.0045
1181,1113.73 ,1107.24 ,1116.08 ,1107.24 ,0.0072
1182,1103.97 ,1110.28 ,1110.28 ,1096.31 ,-0.0088
1183,1106.70 ,1104.30 ,1110.13 ,1103.68 ,0.0025
1184,1116.15 ,1109.16 ,1119.37 ,1108.83 ,0.0085
1185,1123.56 ,1112.05 ,1123.90 ,1110.44 ,0.0066
1186,1155.17 ,1137.47 ,1156.28 ,1137.47 ,0.0281
1187,1150.37 ,1154.46 ,1156.73 ,1149.69 ,-0.0042
1188,1168.18 ,1156.10 ,1169.32 ,1155.30 ,0.0155
1189,1154.10 ,1170.10 ,1171.55 ,1149.95 ,-0.0121
1190,1149.97 ,1156.25 ,1163.78 ,1144.74 ,-0.0036
1191,1173.68 ,1158.04 ,1177.51 ,1158.04 ,0.0206
1192,1170.11 ,1170.13 ,1177.22 ,1168.33 ,-0.003
1193,1161.59 ,1171.65 ,1173.64 ,1158.68 ,-0.0073
1194,1176.30 ,1165.25 ,1178.87 ,1165.25 ,0.0127
1195,1169.85 ,1175.21 ,1177.19 ,1167.60 ,-0.0055
1196,1122.23 ,1170.79 ,1171.06 ,1119.47 ,-0.0407
1197,1125.92 ,1138.01 ,1142.74 ,1125.65 ,0.0033
1198,1140.18 ,1112.50 ,1150.60 ,1112.50 ,0.0127
1199,1141.27 ,1140.52 ,1142.48 ,1128.83 ,0.001
1200,1153.56 ,1143.75 ,1153.56 ,1141.30 ,0.0108
1201,1153.56 ,1143.75 ,1153.56 ,1141.30 ,0
1202,1149.21 ,1148.54 ,1152.35 ,1143.89 ,-0.0038
1203,1134.29 ,1142.16 ,1142.80 ,1123.75 ,-0.013
1204,1121.37 ,1118.10 ,1127.26 ,1110.14 ,-0.0114
1205,1112.74 ,1124.06 ,1124.75 ,1110.62 ,-0.0077
1206,1115.25 ,1122.27 ,1131.49 ,1105.35 ,0.0023
1207,1126.65 ,1123.10 ,1128.67 ,1115.50 ,0.0102
1208,1141.33 ,1137.52 ,1144.43 ,1134.11 ,0.013
1209,1123.83 ,1145.50 ,1145.62 ,1118.74 ,-0.0153
1210,1127.72 ,1123.47 ,1132.57 ,1117.79 ,0.0035
1211,1110.41 ,1119.97 ,1121.28 ,1101.86 ,-0.0153
1212,1106.05 ,1098.89 ,1106.86 ,1093.68 ,-0.0039
1213,1108.03 ,1113.52 ,1119.96 ,1101.83 ,0.0018
1214,1128.88 ,1128.09 ,1134.74 ,1123.45 ,0.0188
1215,1127.50 ,1131.40 ,1138.64 ,1126.45 ,-0.0012
1216,1141.12 ,1146.22 ,1146.65 ,1134.39 ,0.0121
1217,1150.55 ,1151.32 ,1157.24 ,1141.16 ,0.0083
1218,1170.83 ,1172.16 ,1177.72 ,1168.97 ,0.0176
1219,1181.68 ,1168.36 ,1181.68 ,1163.77 ,0.0093
1220,1182.21 ,1185.82 ,1187.13 ,1177.55 ,0.0004
1221,1166.59 ,1149.05 ,1178.47 ,1148.92 ,-0.0132
1222,1192.28 ,1172.63 ,1195.67 ,1164.03 ,0.022
1223,1188.93 ,1193.04 ,1195.30 ,1183.37 ,-0.0028
1224,1195.34 ,1197.91 ,1207.82 ,1187.31 ,0.0054
1225,1202.33 ,1208.67 ,1217.36 ,1199.19 ,0.0058
1226,1198.82 ,1180.62 ,1205.56 ,1179.50 ,-0.0029
1227,1208.27 ,1199.99 ,1209.35 ,1198.97 ,0.0079
1228,1208.34 ,1197.62 ,1208.40 ,1193.66 ,0.0001
1229,1205.69 ,1202.82 ,1209.86 ,1198.05 ,-0.0022
1230,1199.07 ,1208.53 ,1217.31 ,1197.83 ,-0.0055
1231,1210.61 ,1208.99 ,1214.20 ,1204.61 ,0.0096
1232,1200.53 ,1200.84 ,1205.13 ,1192.99 ,-0.0083
1233,1204.00 ,1188.43 ,1204.84 ,1186.72 ,0.0029
1234,1215.10 ,1205.10 ,1215.63 ,1200.28 ,0.0092
1235,1220.78 ,1218.34 ,1221.91 ,1211.78 ,0.0047
1236,1216.46 ,1222.86 ,1223.56 ,1207.13 ,-0.0035
1237,1203.14 ,1209.69 ,1209.69 ,1193.94 ,-0.0109
1238,1184.81 ,1195.49 ,1195.77 ,1176.14 ,-0.0152
1239,1150.82 ,1186.80 ,1186.80 ,1148.98 ,-0.0287
1240,1136.54 ,1152.68 ,1154.03 ,1127.34 ,-0.0124
1241,1123.12 ,1132.59 ,1132.59 ,1105.83 ,-0.0118
1242,1134.84 ,1133.57 ,1149.08 ,1131.34 ,0.0104
1243,1110.39 ,1145.85 ,1148.20 ,1109.63 ,-0.0215
1244,1127.40 ,1110.54 ,1127.99 ,1102.16 ,0.0153
1245,1104.65 ,1133.73 ,1139.53 ,1097.36 ,-0.0202
1246,1099.95 ,1091.48 ,1115.47 ,1071.35 ,-0.0043
1247,1118.20 ,1100.80 ,1120.00 ,1094.14 ,0.0166
1248,1071.68 ,1097.99 ,1108.47 ,1068.19 ,-0.0416
1249,1068.91 ,1066.64 ,1077.79 ,1034.93 ,-0.0026
1250,1024.56 ,1047.27 ,1047.27 ,1012.28 ,-0.0415
1251,1029.00 ,1022.61 ,1044.19 ,1018.43 ,0.0043
1252,1043.99 ,1051.51 ,1056.24 ,1028.87 ,0.0146
1253,1012.41 ,1038.58 ,1039.40 ,1007.81 ,-0.0302
1254,1041.02 ,1026.54 ,1042.02 ,1026.00 ,0.0283
1255,1051.65 ,1042.72 ,1059.56 ,1041.79 ,0.0102
1256,1032.35 ,1043.29 ,1044.87 ,1020.53 ,-0.0184
1257,1049.96 ,1036.39 ,1059.54 ,1031.55 ,0.0171
