Date,Open,High,Low,Close,Adj Close,Volume
0,7248.07 ,7354.44 ,6854.67 ,6879.52 ,6879.52 ,5260300000.00 
1,6847.28 ,6984.94 ,6631.42 ,6860.67 ,6860.67 ,4348410000.00 
2,7196.15 ,7418.37 ,7169.86 ,7417.86 ,7417.86 ,4441080000.00 
3,7421.36 ,7671.21 ,7276.40 ,7384.30 ,7384.30 ,4683630000.00 
4,7462.21 ,7809.83 ,7462.21 ,7797.54 ,7797.54 ,4014670000.00 
5,7554.25 ,7716.24 ,7491.14 ,7502.38 ,7502.38 ,3989120000.00 
6,7583.46 ,7784.35 ,7539.97 ,7774.15 ,7774.15 ,3870770000.00 
7,7740.06 ,7880.31 ,7642.86 ,7700.10 ,7700.10 ,4078960000.00 
8,7459.50 ,7566.37 ,7301.98 ,7360.58 ,7360.58 ,3700040000.00 
9,7317.45 ,7501.70 ,7307.95 ,7487.31 ,7487.31 ,3622170000.00 
10,7477.27 ,7518.72 ,7288.11 ,7373.08 ,7373.08 ,3294260000.00 
11,7660.17 ,7938.33 ,7617.79 ,7913.24 ,7913.24 ,3849130000.00 
12,8129.99 ,8146.43 ,7881.22 ,7887.26 ,7887.26 ,4085960000.00 
13,7975.72 ,8114.43 ,7901.94 ,8090.90 ,8090.90 ,3487440000.00 
14,8169.01 ,8227.91 ,8072.32 ,8153.58 ,8153.58 ,4145460000.00 
15,8127.69 ,8200.44 ,8035.95 ,8192.42 ,8192.42 ,3184660000.00 
16,8353.21 ,8531.11 ,8338.08 ,8515.74 ,8515.74 ,3767410000.00 
17,8355.96 ,8464.66 ,8308.79 ,8393.18 ,8393.18 ,3347920000.00 
18,8479.11 ,8560.16 ,8393.27 ,8532.36 ,8532.36 ,4057800000.00 
19,8667.48 ,8670.30 ,8531.69 ,8650.14 ,8650.14 ,4348310000.00 
20,8553.38 ,8684.91 ,8553.38 ,8560.73 ,8560.73 ,3827370000.00 
21,8460.69 ,8480.29 ,8215.69 ,8263.23 ,8263.23 ,3788180000.00 
22,8434.55 ,8537.31 ,8404.54 ,8495.38 ,8495.38 ,3041520000.00 
23,8528.84 ,8635.23 ,8475.20 ,8494.75 ,8494.75 ,3759890000.00 
24,8530.08 ,8642.93 ,8464.42 ,8634.52 ,8634.52 ,3696020000.00 
25,8717.98 ,8754.57 ,8697.37 ,8730.16 ,8730.16 ,3694980000.00 
26,8825.69 ,8830.57 ,8600.70 ,8607.73 ,8607.73 ,3730350000.00 
27,8802.70 ,8957.27 ,8765.01 ,8914.71 ,8914.71 ,4407140000.00 
28,8911.02 ,8926.11 ,8825.83 ,8889.55 ,8889.55 ,4335660000.00 
29,8681.29 ,8754.46 ,8566.84 ,8604.95 ,8604.95 ,3741300000.00 
30,8555.32 ,8715.82 ,8537.83 ,8710.71 ,8710.71 ,3443140000.00 
31,8809.66 ,8909.96 ,8781.31 ,8809.12 ,8809.12 ,3933550000.00 
32,8874.70 ,8933.25 ,8819.37 ,8854.39 ,8854.39 ,3656750000.00 
33,8973.78 ,9015.99 ,8932.86 ,8979.66 ,8979.66 ,3787220000.00 
34,9056.89 ,9125.98 ,9018.21 ,9121.32 ,9121.32 ,3813630000.00 
35,9054.91 ,9241.92 ,9053.17 ,9192.34 ,9192.34 ,3925450000.00 
36,9225.15 ,9250.96 ,9000.07 ,9002.55 ,9002.55 ,4336510000.00 
37,9006.05 ,9074.16 ,8752.68 ,8863.17 ,8863.17 ,4273210000.00 
38,8788.04 ,8945.71 ,8705.25 ,8943.72 ,8943.72 ,3965970000.00 
39,8839.99 ,9018.40 ,8821.38 ,9014.56 ,9014.56 ,4240690000.00 
40,9177.15 ,9267.22 ,9154.35 ,9234.83 ,9234.83 ,4341820000.00 
41,9227.46 ,9317.25 ,9183.25 ,9185.10 ,9185.10 ,4193550000.00 
42,9305.62 ,9392.82 ,9304.20 ,9375.78 ,9375.78 ,4315500000.00 
43,9375.19 ,9405.25 ,9254.85 ,9284.88 ,9284.88 ,3745270000.00 
44,9278.55 ,9328.28 ,9239.41 ,9324.59 ,9324.59 ,3668070000.00 
45,9501.21 ,9501.21 ,9333.16 ,9340.22 ,9340.22 ,4448950000.00 
46,9346.12 ,9414.62 ,9144.28 ,9412.36 ,9412.36 ,4489110000.00 
47,9392.99 ,9523.64 ,9345.28 ,9368.99 ,9368.99 ,4113660000.00 
48,9382.35 ,9505.55 ,9324.73 ,9489.87 ,9489.87 ,4742290000.00 
49,9471.42 ,9571.28 ,9462.32 ,9552.05 ,9552.05 ,3847770000.00 
50,9566.53 ,9611.22 ,9472.08 ,9608.38 ,9608.38 ,3990080000.00 
51,9651.86 ,9707.78 ,9627.17 ,9682.91 ,9682.91 ,4679030000.00 
52,9649.65 ,9716.14 ,9560.41 ,9615.81 ,9615.81 ,6141320000.00 
53,9703.54 ,9845.69 ,9685.35 ,9814.08 ,9814.08 ,6607730000.00 
54,9823.44 ,9927.13 ,9780.61 ,9924.75 ,9924.75 ,6197330000.00 
55,9867.19 ,10002.50 ,9863.27 ,9953.75 ,9953.75 ,5319450000.00 
56,10012.32 ,10086.89 ,9962.58 ,10020.35 ,10020.35 ,5170860000.00 
57,9791.24 ,9868.08 ,9491.31 ,9492.73 ,9492.73 ,5300850000.00 
58,9715.87 ,9768.64 ,9413.62 ,9588.81 ,9588.81 ,4388990000.00 
59,9426.90 ,9756.07 ,9403.00 ,9726.02 ,9726.02 ,4476010000.00 
60,9949.78 ,9963.63 ,9748.38 ,9895.87 ,9895.87 ,4669320000.00 
61,9943.31 ,9991.21 ,9891.81 ,9910.53 ,9910.53 ,4279700000.00 
62,9892.48 ,9959.20 ,9885.66 ,9943.05 ,9943.05 ,4335320000.00 
63,10042.13 ,10053.91 ,9872.94 ,9946.12 ,9946.12 ,6093830000.00 
64,9945.49 ,10059.61 ,9916.60 ,10056.48 ,10056.48 ,4506960000.00 
65,10130.83 ,10221.85 ,10112.44 ,10131.37 ,10131.37 ,5755170000.00 
66,10092.92 ,10137.50 ,9842.22 ,9909.17 ,9909.17 ,5589130000.00 
67,9899.36 ,10023.28 ,9810.47 ,10017.00 ,10017.00 ,4779640000.00 
68,9995.12 ,10000.67 ,9749.07 ,9757.22 ,9757.22 ,7309380000.00 
69,9771.72 ,9877.34 ,9663.61 ,9874.15 ,9874.15 ,4336290000.00 
70,9875.29 ,10085.59 ,9863.67 ,10058.77 ,10058.77 ,4510190000.00 
71,10063.67 ,10197.19 ,10048.04 ,10154.63 ,10154.63 ,4624430000.00 
72,10268.67 ,10310.36 ,10194.06 ,10207.63 ,10207.63 ,4038920000.00 
73,10360.38 ,10462.05 ,10354.98 ,10433.65 ,10433.65 ,4570260000.00 
74,10412.46 ,10518.98 ,10337.98 ,10343.89 ,10343.89 ,4337130000.00 
75,10409.35 ,10494.63 ,10350.96 ,10492.50 ,10492.50 ,4030210000.00 
76,10563.72 ,10578.10 ,10379.91 ,10547.75 ,10547.75 ,4013180000.00 
77,10545.91 ,10622.35 ,10447.01 ,10617.44 ,10617.44 ,3537510000.00 
78,10729.92 ,10824.78 ,10368.04 ,10390.84 ,10390.84 ,4851880000.00 
79,10310.25 ,10497.83 ,10182.46 ,10488.58 ,10488.58 ,4461770000.00 
80,10576.72 ,10604.67 ,10420.54 ,10550.49 ,10550.49 ,4647070000.00 
81,10443.87 ,10499.79 ,10364.39 ,10473.83 ,10473.83 ,4277760000.00 
82,10500.52 ,10532.62 ,10421.21 ,10503.19 ,10503.19 ,4361480000.00 
83,10526.02 ,10783.80 ,10488.04 ,10767.09 ,10767.09 ,4314630000.00 
84,10837.88 ,10839.93 ,10650.46 ,10680.36 ,10680.36 ,5350750000.00 
85,10687.58 ,10745.32 ,10627.45 ,10706.13 ,10706.13 ,4128960000.00 
86,10689.50 ,10728.12 ,10407.87 ,10461.42 ,10461.42 ,4501540000.00 
87,10294.41 ,10418.75 ,10217.31 ,10363.18 ,10363.18 ,4233390000.00 
88,10421.70 ,10546.44 ,10399.86 ,10536.27 ,10536.27 ,4244570000.00 
89,10509.20 ,10523.64 ,10397.87 ,10402.09 ,10402.09 ,3894660000.00 
90,10474.70 ,10567.91 ,10464.00 ,10542.94 ,10542.94 ,4009640000.00 
91,10450.12 ,10609.59 ,10412.09 ,10587.81 ,10587.81 ,4185810000.00 
92,10741.47 ,10747.80 ,10557.70 ,10745.27 ,10745.27 ,4438730000.00 
93,10848.64 ,10927.56 ,10831.15 ,10902.80 ,10902.80 ,4203890000.00 
94,10897.89 ,10941.91 ,10852.90 ,10941.17 ,10941.17 ,4016520000.00 
95,10967.87 ,11002.11 ,10943.72 ,10998.40 ,10998.40 ,4160740000.00 
96,10989.98 ,11121.19 ,10963.41 ,11108.07 ,11108.07 ,4120000000.00 
97,11072.53 ,11126.04 ,10920.37 ,11010.98 ,11010.98 ,4263930000.00 
98,11033.73 ,11040.24 ,10849.46 ,10968.36 ,10968.36 ,4048420000.00 
99,10942.66 ,10989.42 ,10762.71 ,10782.82 ,10782.82 ,4331770000.00 
100,10878.12 ,11036.72 ,10877.16 ,11012.24 ,11012.24 ,3745230000.00 
101,11026.86 ,11124.85 ,11007.50 ,11042.50 ,11042.50 ,3480470000.00 
102,11042.24 ,11058.44 ,10972.06 ,11019.30 ,11019.30 ,3514260000.00 
103,11083.25 ,11144.53 ,11080.30 ,11129.73 ,11129.73 ,3214870000.00 
104,11170.75 ,11230.62 ,11103.83 ,11210.84 ,11210.84 ,3228590000.00 
105,11214.80 ,11257.42 ,11132.10 ,11146.46 ,11146.46 ,3496480000.00 
106,11096.40 ,11283.62 ,11090.03 ,11264.95 ,11264.95 ,4215130000.00 
107,11258.44 ,11326.21 ,11245.44 ,11311.80 ,11311.80 ,3929290000.00 
108,11449.25 ,11462.05 ,11297.53 ,11379.72 ,11379.72 ,3907310000.00 
109,11370.23 ,11468.26 ,11343.04 ,11466.47 ,11466.47 ,3475280000.00 
110,11516.62 ,11672.05 ,11507.46 ,11665.06 ,11665.06 ,3471520000.00 
111,11688.19 ,11730.01 ,11551.01 ,11625.34 ,11625.34 ,3547400000.00 
112,11689.28 ,11708.77 ,11634.77 ,11695.63 ,11695.63 ,3012980000.00 
113,11718.81 ,11829.84 ,11697.42 ,11775.46 ,11775.46 ,3612050000.00 
114,11850.96 ,11945.72 ,11794.78 ,11939.67 ,11939.67 ,3511060000.00 
115,12047.26 ,12074.06 ,11836.18 ,12056.44 ,12056.44 ,3982360000.00 
116,11861.90 ,11894.40 ,11361.36 ,11458.10 ,11458.10 ,4465010000.00 
117,11396.24 ,11531.18 ,10875.87 ,11313.13 ,11313.13 ,4284440000.00 
118,10900.70 ,11131.50 ,10837.20 ,10847.69 ,10847.69 ,3905420000.00 
119,11064.76 ,11217.69 ,10970.45 ,11141.56 ,11141.56 ,3550660000.00 
120,11235.53 ,11299.53 ,10875.02 ,10919.59 ,10919.59 ,3840010000.00 
121,11010.07 ,11033.04 ,10728.03 ,10853.55 ,10853.55 ,3630250000.00 
122,11010.14 ,11118.29 ,10982.26 ,11056.65 ,11056.65 ,3737610000.00 
123,11193.96 ,11244.46 ,11127.98 ,11190.32 ,11190.32 ,3786110000.00 
124,11222.08 ,11245.42 ,11046.43 ,11050.47 ,11050.47 ,3678020000.00 
125,10796.05 ,10974.45 ,10783.81 ,10910.28 ,10910.28 ,3740110000.00 
126,10973.45 ,10977.68 ,10639.95 ,10793.28 ,10793.28 ,5759090000.00 
127,10610.14 ,10782.74 ,10519.49 ,10778.80 ,10778.80 ,3900970000.00 
128,10873.30 ,10979.65 ,10737.52 ,10963.64 ,10963.64 ,3515440000.00 
129,10950.82 ,10962.03 ,10612.91 ,10632.99 ,10632.99 ,4097320000.00 
130,10551.02 ,10799.55 ,10520.22 ,10672.27 ,10672.27 ,4086360000.00 
131,10680.46 ,10939.55 ,10639.98 ,10913.56 ,10913.56 ,3785270000.00 
132,11084.38 ,11120.79 ,11019.14 ,11117.53 ,11117.53 ,3591740000.00 
133,11109.00 ,11153.23 ,11065.63 ,11085.25 ,11085.25 ,3389040000.00 
134,11092.90 ,11277.96 ,11092.90 ,11167.51 ,11167.51 ,4260630000.00 
135,11291.99 ,11344.13 ,11240.53 ,11326.51 ,11326.51 ,4005900000.00 
136,11082.53 ,11244.87 ,11033.69 ,11075.02 ,11075.02 ,3731510000.00 
137,11169.11 ,11335.21 ,11162.52 ,11332.49 ,11332.49 ,3623920000.00 
138,11314.53 ,11392.41 ,11124.45 ,11154.60 ,11154.60 ,4390960000.00 
139,11271.68 ,11380.56 ,11258.35 ,11364.60 ,11364.60 ,3910770000.00 
140,11443.35 ,11448.23 ,11384.33 ,11420.98 ,11420.98 ,3507570000.00 
141,11487.60 ,11581.23 ,11476.66 ,11579.94 ,11579.94 ,3504230000.00 
142,11732.33 ,11965.54 ,11704.13 ,11876.26 ,11876.26 ,3885030000.00 
143,11901.76 ,11946.98 ,11821.83 ,11863.90 ,11863.90 ,3634130000.00 
144,11889.07 ,11939.92 ,11714.35 ,11768.73 ,11768.73 ,3410410000.00 
145,11559.88 ,11740.68 ,11559.10 ,11713.87 ,11713.87 ,3325270000.00 
146,11761.83 ,11827.42 ,11648.53 ,11671.56 ,11671.56 ,3166980000.00 
147,11732.34 ,11778.11 ,11454.57 ,11478.88 ,11478.88 ,3477410000.00 
148,11531.83 ,11632.89 ,11471.23 ,11516.49 ,11516.49 ,3510040000.00 
149,11530.39 ,11613.79 ,11476.08 ,11484.69 ,11484.69 ,3467310000.00 
150,11526.97 ,11548.77 ,11369.29 ,11506.01 ,11506.01 ,3434040000.00 
151,11536.01 ,11548.85 ,11434.86 ,11548.28 ,11548.28 ,3145570000.00 
152,11440.64 ,11545.63 ,11221.06 ,11358.94 ,11358.94 ,3205100000.00 
153,11409.34 ,11465.06 ,11361.86 ,11431.35 ,11431.35 ,3104770000.00 
154,11230.90 ,11249.95 ,10999.07 ,11004.87 ,11004.87 ,3930690000.00 
155,11064.47 ,11287.63 ,11030.19 ,11185.59 ,11185.59 ,3244190000.00 
156,11103.47 ,11129.81 ,10822.57 ,10911.59 ,10911.59 ,3671600000.00 
157,11010.45 ,11071.08 ,10830.95 ,10957.61 ,10957.61 ,3209000000.00 
158,11038.66 ,11213.92 ,11004.84 ,11160.57 ,11160.57 ,3216580000.00 
159,11443.77 ,11663.31 ,11394.21 ,11590.78 ,11590.78 ,3620760000.00 
160,11816.33 ,11924.28 ,11784.15 ,11890.93 ,11890.93 ,3848160000.00 
161,11869.90 ,11920.54 ,11737.13 ,11895.23 ,11895.23 ,4183220000.00 
162,12046.66 ,12108.07 ,11703.49 ,11713.78 ,11713.78 ,5863900000.00 
163,11622.44 ,11665.87 ,11424.61 ,11553.86 ,11553.86 ,4736560000.00 
164,11656.65 ,11793.57 ,11638.90 ,11786.43 ,11786.43 ,3854680000.00 
165,11802.50 ,11847.84 ,11666.37 ,11709.59 ,11709.59 ,3886670000.00 
166,11794.94 ,11849.79 ,11715.52 ,11829.29 ,11829.29 ,3654230000.00 
167,11847.11 ,11937.72 ,11814.89 ,11924.13 ,11924.13 ,4172570000.00 
168,11913.35 ,11950.18 ,11852.41 ,11899.34 ,11899.34 ,4145030000.00 
169,11896.06 ,11942.49 ,11799.96 ,11801.60 ,11801.60 ,4731420000.00 
170,11779.04 ,11912.63 ,11760.98 ,11904.71 ,11904.71 ,5385190000.00 
171,11892.70 ,11935.47 ,11852.51 ,11854.97 ,11854.97 ,5350970000.00 
172,11916.76 ,11949.33 ,11796.53 ,11880.63 ,11880.63 ,5473250000.00 
173,11939.33 ,12049.88 ,11863.45 ,12036.79 ,12036.79 ,6339580000.00 
174,12053.89 ,12114.77 ,12020.95 ,12094.40 ,12094.40 ,4448640000.00 
175,12159.18 ,12236.23 ,12154.57 ,12205.85 ,12205.85 ,3401830000.00 
176,12224.25 ,12244.65 ,12027.16 ,12198.74 ,12198.74 ,7760390000.00 
177,12313.36 ,12405.79 ,12263.93 ,12355.11 ,12355.11 ,6512420000.00 
178,12285.75 ,12360.06 ,12217.35 ,12349.37 ,12349.37 ,5194960000.00 
179,12369.26 ,12439.02 ,12356.99 ,12377.18 ,12377.18 ,5209980000.00 
180,12399.32 ,12464.23 ,12376.44 ,12464.23 ,12464.23 ,5086900000.00 
181,12461.00 ,12536.23 ,12460.55 ,12519.95 ,12519.95 ,4771820000.00 
182,12503.17 ,12594.54 ,12453.21 ,12582.77 ,12582.77 ,4809480000.00 
183,12591.69 ,12607.14 ,12290.78 ,12338.95 ,12338.95 ,5168450000.00 
184,12247.55 ,12431.56 ,12214.74 ,12405.81 ,12405.81 ,4518580000.00 
185,12336.79 ,12383.50 ,12246.77 ,12377.87 ,12377.87 ,4292680000.00 
186,12447.44 ,12543.00 ,12432.71 ,12440.04 ,12440.04 ,4491930000.00 
187,12543.26 ,12596.13 ,12465.42 ,12595.06 ,12595.06 ,4423650000.00 
188,12611.04 ,12687.32 ,12566.38 ,12658.19 ,12658.19 ,4592700000.00 
189,12730.78 ,12765.25 ,12696.35 ,12764.75 ,12764.75 ,5029830000.00 
190,12804.93 ,12809.60 ,12654.60 ,12755.64 ,12755.64 ,7125800000.00 
191,12596.14 ,12751.27 ,12525.22 ,12742.52 ,12742.52 ,5192860000.00 
192,12785.22 ,12840.57 ,12695.31 ,12807.92 ,12807.92 ,5811850000.00 
193,12834.94 ,12841.92 ,12758.67 ,12771.11 ,12771.11 ,7100250000.00 
194,12791.54 ,12833.55 ,12767.64 ,12804.73 ,12804.73 ,3305960000.00 
195,12914.64 ,12930.89 ,12827.45 ,12899.42 ,12899.42 ,5109140000.00 
196,12965.39 ,12973.33 ,12821.96 ,12850.22 ,12850.22 ,4726920000.00 
197,12906.51 ,12924.93 ,12857.76 ,12870.00 ,12870.00 ,5343010000.00 
198,12877.09 ,12902.07 ,12821.23 ,12888.28 ,12888.28 ,4815840000.00 
199,12958.52 ,12958.72 ,12543.24 ,12698.45 ,12698.45 ,6636170000.00 
200,12665.65 ,12828.27 ,12665.65 ,12818.96 ,12818.96 ,6971860000.00 
201,12666.15 ,12909.63 ,12649.99 ,12740.79 ,12740.79 ,7689880000.00 
202,12867.34 ,13090.91 ,12867.34 ,13067.48 ,13067.48 ,6841480000.00 
203,13160.22 ,13208.09 ,13036.55 ,13201.98 ,13201.98 ,7289390000.00 
204,13048.78 ,13138.27 ,12999.51 ,13036.43 ,13036.43 ,6960470000.00 
205,13062.06 ,13105.04 ,12963.92 ,13072.43 ,13072.43 ,7264070000.00 
206,13088.01 ,13171.15 ,13051.06 ,13128.95 ,13128.95 ,7104810000.00 
207,13174.75 ,13220.16 ,13098.41 ,13112.64 ,13112.64 ,6734100000.00 
208,13099.90 ,13139.83 ,12949.76 ,12998.50 ,12998.50 ,6458360000.00 
209,13132.73 ,13206.86 ,13078.70 ,13197.18 ,13197.18 ,6297860000.00 
210,13342.55 ,13486.13 ,13329.77 ,13457.25 ,13457.25 ,6820990000.00 
211,13521.48 ,13560.35 ,13454.07 ,13530.91 ,13530.91 ,7258640000.00 
212,13474.81 ,13567.14 ,13463.66 ,13543.06 ,13543.06 ,5972750000.00 
213,13681.21 ,13728.98 ,13368.68 ,13635.99 ,13635.99 ,7193710000.00 
214,13681.72 ,13702.69 ,13603.19 ,13626.06 ,13626.06 ,6849600000.00 
215,13486.58 ,13538.42 ,13192.91 ,13270.60 ,13270.60 ,11621190000.00 
216,13323.29 ,13507.64 ,13316.52 ,13337.16 ,13337.16 ,9959270000.00 
217,13284.72 ,13322.00 ,12985.05 ,13070.69 ,13070.69 ,7872250000.00 
218,13226.18 ,13431.46 ,13132.47 ,13403.39 ,13403.39 ,7092520000.00 
219,13543.10 ,13652.70 ,13535.86 ,13612.78 ,13612.78 ,7325270000.00 
220,13718.31 ,13723.83 ,13585.34 ,13610.54 ,13610.54 ,7546940000.00 
221,13674.06 ,13778.42 ,13631.62 ,13777.74 ,13777.74 ,7295370000.00 
222,13824.88 ,13878.16 ,13761.66 ,13856.30 ,13856.30 ,6792910000.00 
223,13937.06 ,13987.74 ,13894.15 ,13987.64 ,13987.64 ,8564530000.00 
224,13966.82 ,14044.95 ,13966.55 ,14007.70 ,14007.70 ,8766770000.00 
225,14093.35 ,14109.12 ,13845.47 ,13972.53 ,13972.53 ,10785930000.00 
226,14045.21 ,14058.91 ,13916.85 ,14025.77 ,14025.77 ,10916780000.00 
227,13979.21 ,14102.04 ,13937.71 ,14095.47 ,14095.47 ,7416940000.00 
228,14152.21 ,14175.12 ,13995.45 ,14047.50 ,14047.50 ,7722100000.00 
229,13911.65 ,13976.43 ,13804.26 ,13965.49 ,13965.49 ,7280500000.00 
230,13814.67 ,13905.96 ,13714.35 ,13865.36 ,13865.36 ,6499420000.00 
231,13929.20 ,13985.58 ,13842.60 ,13874.46 ,13874.46 ,6737820000.00 
232,13714.20 ,13757.06 ,13530.96 ,13533.05 ,13533.05 ,6483740000.00 
233,13262.61 ,13526.09 ,13003.98 ,13465.20 ,13465.20 ,7516510000.00 
234,13400.25 ,13607.36 ,13286.59 ,13597.97 ,13597.97 ,5886230000.00 
235,13512.64 ,13602.86 ,13066.38 ,13119.43 ,13119.43 ,6390380000.00 
236,13232.90 ,13368.06 ,13024.53 ,13192.35 ,13192.35 ,5906110000.00 
237,13406.16 ,13596.59 ,13362.66 ,13588.83 ,13588.83 ,5079530000.00 
238,13599.45 ,13601.33 ,13352.00 ,13358.79 ,13358.79 ,4948140000.00 
239,13336.25 ,13372.52 ,12995.07 ,12997.75 ,12997.75 ,5529980000.00 
240,12953.99 ,13068.71 ,12553.96 ,12723.47 ,12723.47 ,7864380000.00 
241,12860.04 ,12941.21 ,12397.05 ,12920.15 ,12920.15 ,7725200000.00 
242,12904.26 ,13001.00 ,12599.23 ,12609.16 ,12609.16 ,6010230000.00 
243,12923.07 ,13151.54 ,12882.49 ,13073.82 ,13073.82 ,6345560000.00 
244,13234.73 ,13277.11 ,13035.44 ,13068.83 ,13068.83 ,6023880000.00 
245,13273.31 ,13433.62 ,13246.33 ,13398.67 ,13398.67 ,6008850000.00 
246,13222.81 ,13324.69 ,13158.72 ,13319.86 ,13319.86 ,5497210000.00 
247,13323.47 ,13460.35 ,13272.50 ,13459.71 ,13459.71 ,5972370000.00 
248,13523.17 ,13620.71 ,13397.08 ,13471.57 ,13471.57 ,5493890000.00 
249,13336.91 ,13595.00 ,13272.69 ,13525.20 ,13525.20 ,5536110000.00 
250,13349.20 ,13384.46 ,13101.92 ,13116.17 ,13116.17 ,5739720000.00 
251,13119.90 ,13252.37 ,13039.45 ,13215.24 ,13215.24 ,7630590000.00 
252,13278.78 ,13455.64 ,13278.78 ,13377.54 ,13377.54 ,5321760000.00 
253,13381.43 ,13405.15 ,13202.43 ,13227.70 ,13227.70 ,5675010000.00 
254,13289.24 ,13292.92 ,12961.35 ,12961.89 ,12961.89 ,6248650000.00 
255,12844.58 ,13021.86 ,12786.81 ,12977.68 ,12977.68 ,5634290000.00 
256,12996.03 ,13149.55 ,12878.72 ,13138.73 ,13138.73 ,5224360000.00 
257,13103.97 ,13143.41 ,12968.16 ,13059.65 ,13059.65 ,4965090000.00 
258,13008.80 ,13075.75 ,12922.57 ,13045.39 ,13045.39 ,4721950000.00 
259,13122.57 ,13325.54 ,13118.38 ,13246.87 ,13246.87 ,5004720000.00 
260,13414.32 ,13487.08 ,13404.18 ,13480.11 ,13480.11 ,4576480000.00 
261,13594.90 ,13720.58 ,13582.76 ,13705.59 ,13705.59 ,4459000000.00 
262,13681.67 ,13776.71 ,13674.28 ,13698.38 ,13698.38 ,4073710000.00 
263,13675.30 ,13733.03 ,13653.59 ,13688.84 ,13688.84 ,4098740000.00 
264,13796.89 ,13830.14 ,13758.71 ,13829.31 ,13829.31 ,4153600000.00 
265,13787.02 ,13905.41 ,13748.35 ,13900.19 ,13900.19 ,3926110000.00 
266,13854.44 ,13877.00 ,13783.95 ,13850.00 ,13850.00 ,4250900000.00 
267,13902.45 ,14011.51 ,13902.45 ,13996.10 ,13996.10 ,4219360000.00 
268,14004.08 ,14033.63 ,13839.04 ,13857.84 ,13857.84 ,4120770000.00 
269,13983.23 ,14049.13 ,13970.42 ,14038.76 ,14038.76 ,4406880000.00 
270,14059.11 ,14062.50 ,13977.05 ,14052.34 ,14052.34 ,4427780000.00 
271,13984.58 ,14041.79 ,13842.57 ,13914.77 ,13914.77 ,4379610000.00 
272,13894.46 ,13927.67 ,13698.67 ,13786.27 ,13786.27 ,4245120000.00 
273,13745.77 ,13951.35 ,13706.86 ,13950.22 ,13950.22 ,3999620000.00 
274,13952.57 ,14015.87 ,13771.04 ,13818.41 ,13818.41 ,4420820000.00 
275,13861.37 ,14062.74 ,13856.83 ,14016.81 ,14016.81 ,4355100000.00 
276,14052.38 ,14154.03 ,14019.50 ,14138.78 ,14138.78 ,4506210000.00 
277,14170.91 ,14171.24 ,14064.28 ,14090.22 ,14090.22 ,4691460000.00 
278,14082.78 ,14133.65 ,14034.70 ,14051.03 ,14051.03 ,4559710000.00 
279,14204.51 ,14211.57 ,13952.80 ,14082.55 ,14082.55 ,4928030000.00 
280,13970.73 ,14084.76 ,13941.63 ,13962.68 ,13962.68 ,4792460000.00 
281,14031.77 ,14042.12 ,13881.51 ,13895.12 ,13895.12 ,4761430000.00 
282,13774.51 ,13795.57 ,13485.59 ,13633.50 ,13633.50 ,5879730000.00 
283,13731.13 ,13753.05 ,13553.93 ,13582.42 ,13582.42 ,4535690000.00 
284,13557.83 ,13635.73 ,13439.39 ,13632.84 ,13632.84 ,5021400000.00 
285,13723.09 ,13828.62 ,13690.75 ,13752.24 ,13752.24 ,4391100000.00 
286,13687.59 ,13687.93 ,13401.74 ,13401.86 ,13401.86 ,4818670000.00 
287,13115.85 ,13423.31 ,13107.67 ,13389.43 ,13389.43 ,4738390000.00 
288,13215.49 ,13288.61 ,13002.54 ,13031.68 ,13031.68 ,4752930000.00 
289,13150.94 ,13247.87 ,13007.24 ,13124.99 ,13124.99 ,4698110000.00 
290,13255.65 ,13460.88 ,13242.97 ,13429.98 ,13429.98 ,4022610000.00 
291,13368.80 ,13399.17 ,13265.40 ,13379.05 ,13379.05 ,3997780000.00 
292,13416.90 ,13485.34 ,13299.93 ,13303.64 ,13303.64 ,4301300000.00 
293,13078.19 ,13304.61 ,13072.23 ,13299.74 ,13299.74 ,4333520000.00 
294,13356.63 ,13563.52 ,13355.71 ,13535.74 ,13535.74 ,3990760000.00 
295,13616.19 ,13616.58 ,13463.26 ,13470.99 ,13470.99 ,3733940000.00 
296,13557.21 ,13708.85 ,13551.01 ,13661.17 ,13661.17 ,3509470000.00 
297,13721.54 ,13751.14 ,13631.80 ,13657.17 ,13657.17 ,4128990000.00 
298,13693.94 ,13750.16 ,13679.59 ,13738.00 ,13738.00 ,4264500000.00 
299,13742.59 ,13776.52 ,13701.63 ,13736.28 ,13736.28 ,5087180000.00 
300,13792.05 ,13820.87 ,13747.61 ,13748.74 ,13748.74 ,4447940000.00 
301,13829.06 ,13836.17 ,13678.77 ,13736.48 ,13736.48 ,4186280000.00 
302,13743.24 ,13775.89 ,13689.74 ,13756.33 ,13756.33 ,5097630000.00 
303,13655.75 ,13684.13 ,13548.93 ,13614.51 ,13614.51 ,5396250000.00 
304,13697.25 ,13826.82 ,13692.01 ,13814.49 ,13814.49 ,4360710000.00 
305,13802.82 ,13889.11 ,13784.89 ,13881.72 ,13881.72 ,4639210000.00 
306,13946.32 ,13981.72 ,13831.98 ,13924.91 ,13924.91 ,5958410000.00 
307,13980.23 ,14003.50 ,13906.45 ,13911.75 ,13911.75 ,5640490000.00 
308,13933.88 ,14031.19 ,13904.40 ,14020.33 ,14020.33 ,4919880000.00 
309,14030.85 ,14069.42 ,14006.59 ,14069.42 ,14069.42 ,4157580000.00 
310,14083.47 ,14175.45 ,14056.67 ,14174.14 ,14174.14 ,4415160000.00 
311,14166.64 ,14171.02 ,14052.16 ,14072.86 ,14072.86 ,4554580000.00 
312,14085.55 ,14129.69 ,13903.73 ,14039.68 ,14039.68 ,4683030000.00 
313,13999.13 ,14196.21 ,13998.93 ,14161.35 ,14161.35 ,4558280000.00 
314,14096.93 ,14129.22 ,14009.04 ,14030.38 ,14030.38 ,6126070000.00 
315,14047.42 ,14150.78 ,13960.04 ,14141.48 ,14141.48 ,4562010000.00 
316,14138.29 ,14269.77 ,14121.00 ,14253.27 ,14253.27 ,4433140000.00 
317,14263.38 ,14317.66 ,14246.30 ,14271.73 ,14271.73 ,4417470000.00 
318,14357.27 ,14414.46 ,14333.70 ,14369.71 ,14369.71 ,4324620000.00 
319,14400.81 ,14409.08 ,14337.65 ,14360.39 ,14360.39 ,7468090000.00 
320,14417.81 ,14505.19 ,14417.20 ,14500.51 ,14500.51 ,4283000000.00 
321,14509.19 ,14535.97 ,14471.38 ,14528.33 ,14528.33 ,4901300000.00 
322,14509.85 ,14526.81 ,14478.06 ,14503.95 ,14503.95 ,5293810000.00 
323,14493.69 ,14533.55 ,14439.40 ,14522.38 ,14522.38 ,4410470000.00 
324,14582.98 ,14649.11 ,14555.34 ,14639.33 ,14639.33 ,3751420000.00 
325,14661.55 ,14687.00 ,14529.80 ,14663.64 ,14663.64 ,4489540000.00 
326,14753.41 ,14755.33 ,14580.79 ,14665.06 ,14665.06 ,4605630000.00 
327,14409.20 ,14610.06 ,14371.59 ,14559.78 ,14559.78 ,4575010000.00 
328,14578.43 ,14710.20 ,14552.26 ,14701.92 ,14701.92 ,3826500000.00 
329,14743.86 ,14761.08 ,14672.63 ,14733.24 ,14733.24 ,3897090000.00 
330,14715.13 ,14803.68 ,14660.19 ,14677.65 ,14677.65 ,4583460000.00 
331,14780.90 ,14790.55 ,14632.95 ,14644.95 ,14644.95 ,4496220000.00 
332,14635.78 ,14650.37 ,14451.80 ,14543.13 ,14543.13 ,4512550000.00 
333,14597.51 ,14623.02 ,14413.32 ,14427.24 ,14427.24 ,4069530000.00 
334,14235.98 ,14313.60 ,14178.66 ,14274.98 ,14274.98 ,4537130000.00 
335,14330.46 ,14555.75 ,14271.23 ,14498.88 ,14498.88 ,4652450000.00 
336,14508.75 ,14633.14 ,14498.65 ,14631.95 ,14631.95 ,4098520000.00 
337,14652.72 ,14694.19 ,14617.87 ,14684.60 ,14684.60 ,3597540000.00 
338,14753.06 ,14846.06 ,14698.77 ,14836.99 ,14836.99 ,3997250000.00 
339,14821.03 ,14863.65 ,14790.49 ,14840.71 ,14840.71 ,4437090000.00 
340,14807.95 ,14811.08 ,14503.76 ,14660.58 ,14660.58 ,4329230000.00 
341,14715.66 ,14798.88 ,14645.63 ,14762.58 ,14762.58 ,4268210000.00 
342,14771.17 ,14833.74 ,14761.38 ,14778.26 ,14778.26 ,3928640000.00 
343,14615.85 ,14728.78 ,14615.85 ,14672.68 ,14672.68 ,3645050000.00 
344,14758.60 ,14770.41 ,14665.67 ,14681.07 ,14681.07 ,3746130000.00 
345,14713.99 ,14762.60 ,14584.09 ,14761.29 ,14761.29 ,4141370000.00 
346,14747.21 ,14812.37 ,14734.12 ,14780.53 ,14780.53 ,4337330000.00 
347,14794.08 ,14896.47 ,14776.03 ,14895.12 ,14895.12 ,4107300000.00 
348,14864.22 ,14890.18 ,14788.59 ,14835.76 ,14835.76 ,4173090000.00 
349,14855.76 ,14883.81 ,14802.69 ,14860.18 ,14860.18 ,4111640000.00 
350,14887.75 ,14894.61 ,14754.48 ,14788.09 ,14788.09 ,3991770000.00 
351,14834.38 ,14842.50 ,14692.41 ,14765.14 ,14765.14 ,4002340000.00 
352,14751.36 ,14824.31 ,14698.94 ,14816.26 ,14816.26 ,4049000000.00 
353,14825.07 ,14850.61 ,14797.22 ,14822.90 ,14822.90 ,4061070000.00 
354,14771.53 ,14794.68 ,14610.02 ,14793.76 ,14793.76 ,3973920000.00 
355,14670.56 ,14716.95 ,14550.88 ,14656.18 ,14656.18 ,4168880000.00 
356,14636.24 ,14697.25 ,14516.30 ,14525.91 ,14525.91 ,3841840000.00 
357,14423.16 ,14610.76 ,14423.16 ,14541.79 ,14541.79 ,4191490000.00 
358,14571.53 ,14722.16 ,14571.53 ,14714.66 ,14714.66 ,3886340000.00 
359,14776.98 ,14963.47 ,14776.98 ,14942.65 ,14942.65 ,3906780000.00 
360,14978.14 ,15034.89 ,14965.54 ,15019.80 ,15019.80 ,3809750000.00 
361,15039.03 ,15059.43 ,15011.58 ,15041.86 ,15041.86 ,3654150000.00 
362,15025.17 ,15059.63 ,14939.56 ,14945.81 ,14945.81 ,3630900000.00 
363,14969.77 ,15144.48 ,14966.52 ,15129.50 ,15129.50 ,4048610000.00 
364,15165.94 ,15288.08 ,15165.12 ,15265.89 ,15265.89 ,4061760000.00 
365,15262.88 ,15278.96 ,15202.67 ,15259.24 ,15259.24 ,4188020000.00 
366,15308.98 ,15379.50 ,15302.11 ,15309.38 ,15309.38 ,4271690000.00 
367,15358.47 ,15380.07 ,15285.35 ,15331.18 ,15331.18 ,4050510000.00 
368,15313.41 ,15375.56 ,15283.67 ,15363.52 ,15363.52 ,3706990000.00 
369,15375.98 ,15403.44 ,15343.28 ,15374.33 ,15374.33 ,4014250000.00 
370,15360.35 ,15360.35 ,15206.61 ,15286.64 ,15286.64 ,4131560000.00 
371,15296.06 ,15352.38 ,15245.17 ,15248.25 ,15248.25 ,4031140000.00 
372,15332.92 ,15349.47 ,15111.31 ,15115.49 ,15115.49 ,4587150000.00 
373,15211.43 ,15215.44 ,15030.85 ,15105.58 ,15105.58 ,4723370000.00 
374,15168.45 ,15181.19 ,15008.30 ,15037.76 ,15037.76 ,4593140000.00 
375,15071.34 ,15174.38 ,14984.68 ,15161.53 ,15161.53 ,4465140000.00 
376,15120.09 ,15205.50 ,15047.14 ,15181.92 ,15181.92 ,3701500000.00 
377,15163.36 ,15166.56 ,14998.73 ,15043.97 ,15043.97 ,6709540000.00 
378,14758.14 ,14841.82 ,14530.07 ,14713.90 ,14713.90 ,4879490000.00 
379,14803.36 ,14847.03 ,14696.47 ,14746.40 ,14746.40 ,4083010000.00 
380,14800.59 ,14950.12 ,14767.01 ,14896.85 ,14896.85 ,4252490000.00 
381,14960.00 ,15085.44 ,14932.51 ,15052.24 ,15052.24 ,4196130000.00 
382,14961.61 ,15067.56 ,14946.57 ,15047.70 ,15047.70 ,3992150000.00 
383,14954.18 ,15003.16 ,14864.96 ,14969.97 ,14969.97 ,4650790000.00 
384,14787.21 ,14817.74 ,14539.88 ,14546.68 ,14546.68 ,4989510000.00 
385,14614.88 ,14676.62 ,14493.67 ,14512.44 ,14512.44 ,5294600000.00 
386,14582.60 ,14632.36 ,14444.30 ,14448.58 ,14448.58 ,5950950000.00 
387,14494.93 ,14606.82 ,14324.01 ,14566.70 ,14566.70 ,4710720000.00 
388,14493.12 ,14499.74 ,14181.69 ,14255.48 ,14255.48 ,4557110000.00 
389,14312.86 ,14508.65 ,14299.78 ,14433.83 ,14433.83 ,4176390000.00 
390,14289.45 ,14509.55 ,14259.07 ,14501.91 ,14501.91 ,4465910000.00 
391,14631.80 ,14755.72 ,14615.14 ,14654.02 ,14654.02 ,3984180000.00 
392,14694.72 ,14699.91 ,14569.68 ,14579.54 ,14579.54 ,3571380000.00 
393,14540.08 ,14665.99 ,14482.62 ,14486.20 ,14486.20 ,3539540000.00 
394,14539.09 ,14552.71 ,14441.60 ,14465.92 ,14465.92 ,4063830000.00 
395,14537.17 ,14589.28 ,14471.88 ,14571.64 ,14571.64 ,4053580000.00 
396,14717.50 ,14827.56 ,14699.52 ,14823.43 ,14823.43 ,4262400000.00 
397,14891.24 ,14904.98 ,14847.96 ,14897.34 ,14897.34 ,4494440000.00 
398,14839.74 ,15026.68 ,14833.28 ,15021.81 ,15021.81 ,4167740000.00 
399,15073.13 ,15137.85 ,15049.73 ,15129.09 ,15129.09 ,4483400000.00 
400,15160.00 ,15178.39 ,15071.15 ,15121.68 ,15121.68 ,4117050000.00 
401,15104.80 ,15222.25 ,15094.14 ,15215.70 ,15215.70 ,4961860000.00 
402,15158.07 ,15193.01 ,15021.02 ,15090.20 ,15090.20 ,5775770000.00 
403,15142.92 ,15259.63 ,15070.75 ,15226.71 ,15226.71 ,5750200000.00 
404,15317.50 ,15384.00 ,15198.23 ,15235.71 ,15235.71 ,7173230000.00 
405,15276.00 ,15364.54 ,15235.84 ,15235.84 ,15235.84 ,6130110000.00 
406,15304.74 ,15452.30 ,15290.31 ,15448.12 ,15448.12 ,5714890000.00 
407,15323.29 ,15504.12 ,15323.29 ,15498.39 ,15498.39 ,5338290000.00 
408,15541.26 ,15598.95 ,15470.82 ,15595.92 ,15595.92 ,5273950000.00 
409,15583.98 ,15656.60 ,15569.27 ,15649.60 ,15649.60 ,5129370000.00 
410,15658.52 ,15821.57 ,15616.44 ,15811.58 ,15811.58 ,5325110000.00 
411,15849.74 ,15966.09 ,15827.66 ,15940.31 ,15940.31 ,5297250000.00 
412,16003.56 ,16053.39 ,15900.78 ,15971.59 ,15971.59 ,5566400000.00 
413,15995.72 ,16038.23 ,15961.81 ,15982.36 ,15982.36 ,5723650000.00 
414,16024.13 ,16035.21 ,15836.68 ,15886.54 ,15886.54 ,5574660000.00 
415,15753.84 ,15867.24 ,15543.68 ,15622.71 ,15622.71 ,5369110000.00 
416,15752.08 ,15768.03 ,15695.77 ,15704.28 ,15704.28 ,4570460000.00 
417,15752.62 ,15874.57 ,15705.38 ,15860.96 ,15860.96 ,5446540000.00 
418,15894.82 ,15918.45 ,15778.31 ,15853.85 ,15853.85 ,5020180000.00 
419,15840.32 ,15989.61 ,15825.00 ,15973.86 ,15973.86 ,5533020000.00 
420,15973.62 ,15998.57 ,15909.39 ,15921.57 ,15921.57 ,5049320000.00 
421,15973.39 ,16010.88 ,15848.83 ,15993.71 ,15993.71 ,5391360000.00 
422,16042.16 ,16121.12 ,16017.23 ,16057.44 ,16057.44 ,4875310000.00 
423,16120.92 ,16212.23 ,15851.04 ,15854.76 ,15854.76 ,5567830000.00 
424,15809.50 ,15895.86 ,15601.46 ,15775.14 ,15775.14 ,5434380000.00 
425,15677.88 ,15848.56 ,15591.36 ,15845.23 ,15845.23 ,4197090000.00 
426,15664.38 ,15731.54 ,15456.09 ,15491.66 ,15491.66 ,3502170000.00 
427,15719.42 ,15833.11 ,15644.61 ,15782.83 ,15782.83 ,4836230000.00 
428,15716.50 ,15828.20 ,15451.39 ,15537.69 ,15537.69 ,6631470000.00 
429,15752.27 ,15816.82 ,15243.93 ,15254.05 ,15254.05 ,6320260000.00 
430,15181.82 ,15444.54 ,15150.12 ,15381.32 ,15381.32 ,5418340000.00 
431,15428.71 ,15470.36 ,14931.06 ,15085.47 ,15085.47 ,5900290000.00 
432,15117.63 ,15281.99 ,14931.61 ,15225.15 ,15225.15 ,5115230000.00 
433,15510.91 ,15720.09 ,15507.66 ,15686.92 ,15686.92 ,5116490000.00 
434,15690.65 ,15792.64 ,15618.88 ,15786.99 ,15786.99 ,4615390000.00 
435,15720.54 ,15796.05 ,15511.12 ,15517.37 ,15517.37 ,4515600000.00 
436,15629.59 ,15677.60 ,15477.85 ,15630.60 ,15630.60 ,4426210000.00 
437,15621.27 ,15637.06 ,15408.25 ,15413.28 ,15413.28 ,4573920000.00 
438,15215.96 ,15317.55 ,15097.35 ,15237.64 ,15237.64 ,4865990000.00 
439,15230.71 ,15575.76 ,15055.23 ,15565.58 ,15565.58 ,5343920000.00 
440,15629.08 ,15633.19 ,15119.49 ,15180.43 ,15180.43 ,4906480000.00 
441,15036.77 ,15288.78 ,14960.37 ,15169.68 ,15169.68 ,7668770000.00 
442,14933.00 ,15007.30 ,14860.04 ,14980.94 ,14980.94 ,4602640000.00 
443,15140.43 ,15349.06 ,15015.03 ,15341.09 ,15341.09 ,4581720000.00 
444,15319.16 ,15525.97 ,15303.06 ,15521.89 ,15521.89 ,4107900000.00 
445,15544.79 ,15697.98 ,15528.91 ,15653.37 ,15653.37 ,3935010000.00 
446,15696.83 ,15871.40 ,15696.83 ,15871.26 ,15871.26 ,3743920000.00 
447,15895.20 ,15901.47 ,15757.07 ,15781.72 ,15781.72 ,3648500000.00 
448,15794.92 ,15821.81 ,15679.85 ,15766.22 ,15766.22 ,3714380000.00 
449,15758.98 ,15868.09 ,15729.16 ,15741.56 ,15741.56 ,3750920000.00 
450,15722.91 ,15777.43 ,15643.94 ,15644.97 ,15644.97 ,3392580000.00 
451,15732.50 ,15832.80 ,15644.09 ,15832.80 ,15832.80 ,4429960000.00 
452,15852.14 ,15852.14 ,15512.41 ,15622.72 ,15622.72 ,5131110000.00 
453,15547.16 ,15586.30 ,15095.18 ,15100.17 ,15100.17 ,5031850000.00 
454,15024.15 ,15198.45 ,14914.87 ,15080.86 ,15080.86 ,4790820000.00 
455,15095.72 ,15171.02 ,14877.63 ,14935.90 ,14935.90 ,4238070000.00 
456,14751.78 ,14953.85 ,14530.23 ,14942.83 ,14942.83 ,5317180000.00 
457,14919.26 ,15158.71 ,14837.63 ,15153.45 ,15153.45 ,4390710000.00 
458,15263.10 ,15319.03 ,15117.29 ,15188.39 ,15188.39 ,4338530000.00 
459,15245.04 ,15259.71 ,14782.24 ,14806.81 ,14806.81 ,4302020000.00 
460,14708.02 ,14897.68 ,14689.43 ,14893.75 ,14893.75 ,4374020000.00 
461,14681.83 ,14740.54 ,14482.94 ,14506.90 ,14506.90 ,5060790000.00 
462,14582.22 ,14658.89 ,14331.65 ,14340.26 ,14340.26 ,4665340000.00 
463,14462.85 ,14642.03 ,14140.78 ,14154.02 ,14154.02 ,5102050000.00 
464,14046.22 ,14171.72 ,13764.24 ,13768.92 ,13768.92 ,5870830000.00 
465,13481.50 ,13876.61 ,13094.65 ,13855.13 ,13855.13 ,6998770000.00 
466,13610.87 ,13781.62 ,13414.14 ,13539.29 ,13539.29 ,5019380000.00 
467,13871.77 ,14002.65 ,13392.19 ,13542.12 ,13542.12 ,5771140000.00 
468,13710.99 ,13765.91 ,13322.66 ,13352.78 ,13352.78 ,5177380000.00 
469,13436.71 ,13771.91 ,13236.56 ,13770.57 ,13770.57 ,4971930000.00 
470,13812.19 ,14242.90 ,13767.71 ,14239.88 ,14239.88 ,5124940000.00 
471,14277.43 ,14358.69 ,14070.77 ,14346.00 ,14346.00 ,4671850000.00 
472,14494.47 ,14504.82 ,14264.65 ,14417.55 ,14417.55 ,4673140000.00 
473,14045.83 ,14207.89 ,13851.74 ,13878.82 ,13878.82 ,4326300000.00 
474,13958.48 ,14222.76 ,13850.39 ,14098.01 ,14098.01 ,4121340000.00 
475,14118.79 ,14236.31 ,13974.10 ,14015.67 ,14015.67 ,4268730000.00 
476,13984.43 ,14226.48 ,13934.78 ,14194.45 ,14194.45 ,4293770000.00 
477,14368.16 ,14490.72 ,14330.87 ,14490.37 ,14490.37 ,4729730000.00 
478,14228.68 ,14509.56 ,14118.20 ,14185.64 ,14185.64 ,5212510000.00 
479,14213.62 ,14246.70 ,13733.16 ,13791.15 ,13791.15 ,5237320000.00 
480,13768.97 ,13921.71 ,13664.76 ,13790.92 ,13790.92 ,4347350000.00 
481,13997.18 ,14142.49 ,13976.29 ,14139.76 ,14139.76 ,4416840000.00 
482,14038.92 ,14163.73 ,13931.99 ,14124.09 ,14124.09 ,4238560000.00 
483,14004.19 ,14020.82 ,13704.70 ,13716.72 ,13716.72 ,4278370000.00 
484,13735.40 ,13762.40 ,13465.56 ,13548.07 ,13548.07 ,4501940000.00 
485,13424.36 ,13618.72 ,13249.65 ,13381.52 ,13381.52 ,4849170000.00 
486,13511.75 ,13533.78 ,13032.17 ,13037.49 ,13037.49 ,4639330000.00 
487,12587.88 ,13486.11 ,12587.88 ,13473.59 ,13473.59 ,6180200000.00 
488,13485.26 ,13696.86 ,13358.29 ,13694.62 ,13694.62 ,4628720000.00 
489,13570.83 ,13810.64 ,13549.90 ,13751.40 ,13751.40 ,5928130000.00 
490,13716.70 ,13777.04 ,13441.32 ,13532.46 ,13532.46 ,6131350000.00 
491,13597.53 ,13796.55 ,13493.91 ,13752.02 ,13752.02 ,5246390000.00 
492,13837.59 ,13837.59 ,13472.64 ,13537.94 ,13537.94 ,5092580000.00 
493,13455.23 ,13486.71 ,13224.98 ,13313.44 ,13313.44 ,5343900000.00 
494,13328.36 ,13353.28 ,12828.02 ,12830.96 ,12830.96 ,6195370000.00 
495,12800.04 ,13159.44 ,12670.08 ,12795.55 ,12795.55 ,6683960000.00 
496,13113.70 ,13301.16 ,13039.79 ,13255.55 ,13255.55 ,5396550000.00 
497,13098.35 ,13163.50 ,12946.28 ,13129.96 ,13129.96 ,5071250000.00 
498,13229.77 ,13239.35 ,12830.37 ,12843.81 ,12843.81 ,5288210000.00 
499,12795.12 ,12918.01 ,12555.35 ,12581.22 ,12581.22 ,5876710000.00 
500,12685.23 ,12973.88 ,12616.59 ,12948.62 ,12948.62 ,5440100000.00 
501,13119.37 ,13440.12 ,12992.20 ,13436.55 ,13436.55 ,6552210000.00 
502,13360.72 ,13620.80 ,13317.14 ,13614.78 ,13614.78 ,5612090000.00 
503,13564.63 ,13899.28 ,13528.06 ,13893.84 ,13893.84 ,8149290000.00 
504,13860.39 ,13945.81 ,13682.55 ,13838.46 ,13838.46 ,5673940000.00 
505,13866.43 ,14141.07 ,13857.29 ,14108.82 ,14108.82 ,5445100000.00 
506,13990.35 ,14152.14 ,13921.65 ,13922.60 ,13922.60 ,5024230000.00 
507,14001.32 ,14193.55 ,13897.20 ,14191.84 ,14191.84 ,5149520000.00 
508,14194.72 ,14218.76 ,14010.79 ,14169.30 ,14169.30 ,5585100000.00 
509,14177.21 ,14356.00 ,14101.34 ,14354.90 ,14354.90 ,5129500000.00 
510,14500.39 ,14646.90 ,14419.40 ,14619.64 ,14619.64 ,6060890000.00 
511,14558.59 ,14609.25 ,14383.45 ,14442.27 ,14442.27 ,5479200000.00 
512,14444.78 ,14456.74 ,14217.72 ,14220.52 ,14220.52 ,5453890000.00 
513,14269.53 ,14306.94 ,14131.81 ,14261.50 ,14261.50 ,5002790000.00 
514,14304.35 ,14534.38 ,14286.45 ,14532.55 ,14532.55 ,4630100000.00 
515,14490.26 ,14500.29 ,14169.12 ,14204.17 ,14204.17 ,4727710000.00 
516,14002.58 ,14032.84 ,13788.90 ,13888.82 ,13888.82 ,5360420000.00 
517,13861.49 ,13978.25 ,13689.23 ,13897.30 ,13897.30 ,4856090000.00 
518,13830.47 ,13866.06 ,13693.69 ,13711.00 ,13711.00 ,4574080000.00 
519,13547.29 ,13585.08 ,13401.39 ,13411.96 ,13411.96 ,4946680000.00 
520,13584.69 ,13685.95 ,13317.74 ,13371.57 ,13371.57 ,4991720000.00 
521,13373.12 ,13679.43 ,13353.66 ,13643.59 ,13643.59 ,4909720000.00 
522,13647.43 ,13662.93 ,13345.22 ,13351.08 ,13351.08 ,4642240000.00 
523,13319.39 ,13414.27 ,13222.03 ,13332.36 ,13332.36 ,4365230000.00 
524,13312.44 ,13643.97 ,13281.22 ,13619.66 ,13619.66 ,4562840000.00 
525,13665.38 ,13678.55 ,13426.13 ,13453.07 ,13453.07 ,4678930000.00 
526,13623.70 ,13710.70 ,13140.83 ,13174.65 ,13174.65 ,5233110000.00 
527,13168.80 ,13212.60 ,12828.02 ,12839.29 ,12839.29 ,4475090000.00 
528,12749.17 ,13011.45 ,12722.59 ,13004.85 ,13004.85 ,4845160000.00 
529,12918.04 ,12918.04 ,12490.74 ,12490.74 ,12490.74 ,5168160000.00 
530,12500.88 ,12703.79 ,12430.90 ,12488.93 ,12488.93 ,4810720000.00 
531,12712.86 ,12948.52 ,12487.86 ,12871.53 ,12871.53 ,5067150000.00 
532,12710.42 ,12861.83 ,12315.74 ,12334.64 ,12334.64 ,4733070000.00 
533,12331.69 ,12542.54 ,12202.41 ,12536.02 ,12536.02 ,4918240000.00 
534,12511.46 ,12645.83 ,12460.99 ,12563.76 ,12563.76 ,4547280000.00 
535,12574.73 ,12985.01 ,12367.02 ,12964.86 ,12964.86 ,5498050000.00 
536,12787.52 ,12787.52 ,12183.56 ,12317.69 ,12317.69 ,5308920000.00 
537,12246.83 ,12358.42 ,11990.15 ,12144.66 ,12144.66 ,5324480000.00 
538,11923.03 ,11990.61 ,11574.94 ,11623.25 ,11623.25 ,5939140000.00 
539,11900.34 ,11944.94 ,11566.28 ,11737.67 ,11737.67 ,6218260000.00 
540,11645.57 ,11844.51 ,11339.18 ,11364.24 ,11364.24 ,6152370000.00 
541,11199.25 ,11547.33 ,11108.76 ,11370.96 ,11370.96 ,6679470000.00 
542,11555.97 ,11856.71 ,11510.26 ,11805.00 ,11805.00 ,5894020000.00 
543,11727.14 ,11804.59 ,11627.53 ,11662.79 ,11662.79 ,4930250000.00 
544,11905.57 ,11988.43 ,11754.28 ,11984.52 ,11984.52 ,5093960000.00 
545,11790.68 ,11826.22 ,11381.69 ,11418.15 ,11418.15 ,5064120000.00 
546,11364.40 ,11562.82 ,11313.31 ,11388.50 ,11388.50 ,5154410000.00 
547,11542.67 ,11552.21 ,11035.69 ,11354.62 ,11354.62 ,5434370000.00 
548,11396.28 ,11552.07 ,11304.56 ,11535.27 ,11535.27 ,4552200000.00 
549,11326.44 ,11351.61 ,11092.48 ,11264.45 ,11264.45 ,4724430000.00 
550,11225.03 ,11511.90 ,11211.85 ,11434.74 ,11434.74 ,4519690000.00 
551,11409.84 ,11796.97 ,11406.16 ,11740.65 ,11740.65 ,4672620000.00 
552,11869.69 ,12131.66 ,11856.82 ,12131.13 ,12131.13 ,4793900000.00 
553,12137.54 ,12190.08 ,11942.50 ,12081.39 ,12081.39 ,6045500000.00 
554,12176.89 ,12237.94 ,11901.43 ,11994.46 ,11994.46 ,4719900000.00 
555,11945.57 ,12320.12 ,11901.45 ,12316.90 ,12316.90 ,4445840000.00 
556,12097.12 ,12167.44 ,11966.62 ,12012.73 ,12012.73 ,4130040000.00 
557,12200.33 ,12245.40 ,12004.20 ,12061.37 ,12061.37 ,4647010000.00 
558,11925.81 ,12194.86 ,11888.61 ,12175.23 ,12175.23 ,4411240000.00 
559,12147.28 ,12235.78 ,12052.70 ,12086.27 ,12086.27 ,4708980000.00 
560,12016.47 ,12115.06 ,11751.98 ,11754.23 ,11754.23 ,5408460000.00 
561,11543.88 ,11569.15 ,11328.27 ,11340.02 ,11340.02 ,5152020000.00 
562,10986.85 ,11071.48 ,10775.14 ,10809.23 ,10809.23 ,5937320000.00 
563,10897.43 ,10926.81 ,10733.04 ,10828.35 ,10828.35 ,4819890000.00 
564,10968.40 ,11244.26 ,10866.39 ,11099.15 ,11099.15 ,5368500000.00 
565,10806.02 ,10831.07 ,10565.14 ,10646.10 ,10646.10 ,5696630000.00 
566,10697.55 ,10884.71 ,10638.72 ,10798.35 ,10798.35 ,7452830000.00 
567,10974.05 ,11164.99 ,10974.05 ,11069.30 ,11069.30 ,5226260000.00 
568,10941.95 ,11216.77 ,10938.06 ,11053.08 ,11053.08 ,5238180000.00 
569,11137.68 ,11260.27 ,11046.28 ,11232.19 ,11232.19 ,5258200000.00 
570,11351.31 ,11613.23 ,11337.78 ,11607.62 ,11607.62 ,9468130000.00 
571,11661.02 ,11677.49 ,11487.07 ,11524.55 ,11524.55 ,5047860000.00 
572,11542.24 ,11635.85 ,11177.68 ,11181.54 ,11181.54 ,5433220000.00 
573,11160.22 ,11226.33 ,11072.19 ,11177.89 ,11177.89 ,5650860000.00 
574,11048.25 ,11160.92 ,10850.01 ,11028.74 ,11028.74 ,5654520000.00 
575,11006.83 ,11132.55 ,10922.71 ,11127.85 ,11127.85 ,4865730000.00 
576,10964.18 ,11323.89 ,10911.45 ,11322.24 ,11322.24 ,5053570000.00 
577,11337.90 ,11443.15 ,11250.32 ,11361.85 ,11361.85 ,4851170000.00 
578,11422.60 ,11644.47 ,11412.88 ,11621.35 ,11621.35 ,4685050000.00 
579,11503.61 ,11689.70 ,11479.77 ,11635.31 ,11635.31 ,4526570000.00 
580,11524.49 ,11541.10 ,11348.06 ,11372.60 ,11372.60 ,4362910000.00 
581,11420.89 ,11483.17 ,11207.08 ,11264.73 ,11264.73 ,4317860000.00 
582,11056.55 ,11325.67 ,11031.27 ,11247.58 ,11247.58 ,4433060000.00 
583,11151.21 ,11279.97 ,11005.93 ,11251.19 ,11251.19 ,4481070000.00 
584,11379.36 ,11454.69 ,11295.33 ,11452.42 ,11452.42 ,4369060000.00 
585,11561.64 ,11629.03 ,11322.84 ,11360.05 ,11360.05 ,5057920000.00 
586,11515.00 ,11721.22 ,11448.97 ,11713.15 ,11713.15 ,5302740000.00 
587,11726.09 ,11939.96 ,11703.36 ,11897.65 ,11897.65 ,5467080000.00 
588,11914.15 ,12060.59 ,11812.72 ,12059.61 ,12059.61 ,4680930000.00 
589,12025.37 ,12093.02 ,11767.19 ,11834.11 ,11834.11 ,4721880000.00 
590,11837.96 ,11855.11 ,11707.53 ,11782.67 ,11782.67 ,4346520000.00 
591,11701.53 ,11711.31 ,11533.37 ,11562.57 ,11562.57 ,4349760000.00 
592,11756.19 ,12081.73 ,11718.38 ,12032.42 ,12032.42 ,4588480000.00 
593,12036.48 ,12179.09 ,11886.67 ,12162.59 ,12162.59 ,4924950000.00 
594,12239.69 ,12426.26 ,12181.13 ,12390.69 ,12390.69 ,4907410000.00 
595,12317.96 ,12499.72 ,12271.98 ,12368.98 ,12368.98 ,4396390000.00 
596,12287.67 ,12503.34 ,12260.48 ,12348.76 ,12348.76 ,4792140000.00 
597,12433.87 ,12699.64 ,12425.21 ,12668.16 ,12668.16 ,5667990000.00 
598,12675.04 ,12736.19 ,12600.78 ,12720.58 ,12720.58 ,5451470000.00 
599,12538.80 ,12720.44 ,12525.77 ,12657.55 ,12657.55 ,4911300000.00 
600,12703.72 ,12855.15 ,12597.75 ,12644.46 ,12644.46 ,5238600000.00 
601,12557.49 ,12582.91 ,12438.86 ,12493.93 ,12493.93 ,5307340000.00 
602,12793.44 ,12861.44 ,12698.61 ,12854.80 ,12854.80 ,5196210000.00 
603,12944.82 ,13026.24 ,12760.09 ,12779.91 ,12779.91 ,5815960000.00 
604,12866.31 ,13047.19 ,12821.22 ,13047.19 ,13047.19 ,4782610000.00 
605,12996.63 ,13146.06 ,12993.78 ,13128.05 ,13128.05 ,4476040000.00 
606,13082.64 ,13181.09 ,12979.24 ,13102.55 ,13102.55 ,5028410000.00 
607,12968.63 ,13053.51 ,12863.01 ,12938.12 ,12938.12 ,5229520000.00 
608,12937.79 ,13002.66 ,12873.49 ,12965.34 ,12965.34 ,4724350000.00 
609,12832.27 ,12859.01 ,12674.87 ,12705.22 ,12705.22 ,4628170000.00 
610,12523.16 ,12538.55 ,12353.73 ,12381.57 ,12381.57 ,4270980000.00 
611,12380.37 ,12490.85 ,12352.03 ,12381.30 ,12381.30 ,3836180000.00 
612,12375.15 ,12504.33 ,12350.16 ,12431.53 ,12431.53 ,3917170000.00 
613,12506.37 ,12641.26 ,12471.98 ,12639.27 ,12639.27 ,4323470000.00 
614,12630.58 ,12655.84 ,12141.52 ,12141.71 ,12141.71 ,4530000000.00 
615,12021.05 ,12124.87 ,11981.42 ,12017.67 ,12017.67 ,4209850000.00 
616,12093.06 ,12101.85 ,11790.02 ,11883.14 ,11883.14 ,4681520000.00 
617,11972.56 ,12027.43 ,11814.17 ,11816.20 ,11816.20 ,4952010000.00 
618,11707.44 ,11798.37 ,11546.52 ,11785.13 ,11785.13 ,4792890000.00 
619,11899.14 ,11945.91 ,11573.51 ,11630.86 ,11630.86 ,4257410000.00 
620,11643.03 ,11679.43 ,11471.50 ,11544.91 ,11544.91 ,4622940000.00 
621,11559.38 ,11819.07 ,11555.08 ,11791.90 ,11791.90 ,4445640000.00 
622,11679.86 ,11896.73 ,11660.53 ,11862.13 ,11862.13 ,4329910000.00 
623,11958.61 ,12132.67 ,11958.61 ,12112.31 ,12112.31 ,4401590000.00 
624,12174.94 ,12270.19 ,12169.28 ,12266.41 ,12266.41 ,4146680000.00 
625,11908.81 ,11957.97 ,11604.43 ,11633.57 ,11633.57 ,5188380000.00 
626,11680.41 ,11746.83 ,11602.76 ,11719.68 ,11719.68 ,4861530000.00 
627,11633.24 ,11760.73 ,11497.11 ,11552.36 ,11552.36 ,4805910000.00 
628,11401.21 ,11460.43 ,11316.92 ,11448.40 ,11448.40 ,7451840000.00 
629,11338.57 ,11538.13 ,11337.83 ,11535.02 ,11535.02 ,4168670000.00 
630,11440.14 ,11520.99 ,11343.72 ,11425.05 ,11425.05 ,4028100000.00 
631,11466.21 ,11613.57 ,11218.99 ,11220.19 ,11220.19 ,4471000000.00 
632,11167.38 ,11203.77 ,11024.64 ,11066.81 ,11066.81 ,4916470000.00 
633,10952.69 ,10958.29 ,10732.72 ,10867.93 ,10867.93 ,5134350000.00 
634,10833.38 ,11024.00 ,10789.05 ,10802.92 ,10802.92 ,4697730000.00 
635,10955.29 ,11040.98 ,10741.02 ,10829.50 ,10829.50 ,4445050000.00 
636,10817.52 ,11101.50 ,10776.34 ,11051.64 ,11051.64 ,4556100000.00 
637,10894.44 ,10899.47 ,10623.22 ,10737.51 ,10737.51 ,4516630000.00 
638,10697.71 ,10883.04 ,10572.33 ,10575.62 ,10575.62 ,4649710000.00 
639,10659.01 ,10875.46 ,10577.89 ,10815.43 ,10815.43 ,4415440000.00 
640,11054.72 ,11189.96 ,11044.04 ,11176.41 ,11176.41 ,5004780000.00 
641,11022.67 ,11210.32 ,10910.76 ,11148.64 ,11148.64 ,4091860000.00 
642,11129.04 ,11230.44 ,11051.27 ,11073.31 ,11073.31 ,4423320000.00 
643,10877.28 ,10891.93 ,10608.52 ,10652.40 ,10652.40 ,4634190000.00 
644,10659.95 ,10669.93 ,10449.04 ,10542.10 ,10542.10 ,3989640000.00 
645,10484.37 ,10608.84 ,10351.98 ,10426.19 ,10426.19 ,4738840000.00 
646,10437.00 ,10494.53 ,10372.21 ,10417.10 ,10417.10 ,4091030000.00 
647,10131.82 ,10697.71 ,10088.83 ,10649.15 ,10649.15 ,5300080000.00 
648,10742.81 ,10766.69 ,10308.81 ,10321.39 ,10321.39 ,4393000000.00 
649,10575.65 ,10696.59 ,10569.69 ,10675.80 ,10675.80 ,4439190000.00 
650,10963.99 ,10972.97 ,10670.12 ,10772.40 ,10772.40 ,5047360000.00 
651,10689.31 ,10808.04 ,10592.88 ,10680.51 ,10680.51 ,4955090000.00 
652,10657.41 ,10837.30 ,10574.55 ,10614.84 ,10614.84 ,4628010000.00 
653,10576.04 ,10875.72 ,10542.43 ,10859.72 ,10859.72 ,4706440000.00 
654,10867.07 ,10983.52 ,10713.33 ,10952.61 ,10952.61 ,4808710000.00 
655,10996.97 ,11210.38 ,10996.97 ,11199.12 ,11199.12 ,5141760000.00 
656,10969.02 ,11205.84 ,10948.38 ,10970.99 ,10970.99 ,5224440000.00 
657,10971.95 ,10998.73 ,10780.50 ,10792.67 ,10792.67 ,4773520000.00 
658,10766.20 ,11117.04 ,10766.20 ,11102.45 ,11102.45 ,4731940000.00 
659,11028.43 ,11047.94 ,10914.01 ,10988.15 ,10988.15 ,4753740000.00 
660,11154.74 ,11156.35 ,10881.19 ,10890.85 ,10890.85 ,4677520000.00 
661,10885.01 ,10993.24 ,10522.90 ,10524.80 ,10524.80 ,5436420000.00 
662,10399.45 ,10486.01 ,10319.54 ,10342.94 ,10342.94 ,5102190000.00 
663,10548.14 ,10553.63 ,10262.93 ,10475.25 ,10475.25 ,5453750000.00 
664,10516.94 ,10587.96 ,10428.91 ,10564.52 ,10564.52 ,4456690000.00 
665,10611.53 ,10745.64 ,10472.73 ,10616.20 ,10616.20 ,5134500000.00 
666,10528.45 ,10564.97 ,10344.01 ,10353.17 ,10353.17 ,4977460000.00 
667,10869.17 ,11119.12 ,10779.95 ,11114.15 ,11114.15 ,6433000000.00 
668,11124.75 ,11352.43 ,11069.83 ,11323.33 ,11323.33 ,5867750000.00 
669,11233.90 ,11350.12 ,11167.17 ,11196.22 ,11196.22 ,5004060000.00 
670,11474.82 ,11492.62 ,11241.15 ,11358.41 ,11358.41 ,5617310000.00 
671,11260.10 ,11286.10 ,11162.92 ,11183.66 ,11183.66 ,4585190000.00 
672,11008.67 ,11198.84 ,11006.21 ,11144.96 ,11144.96 ,4354360000.00 
673,11257.01 ,11259.44 ,11059.16 ,11146.06 ,11146.06 ,4175420000.00 
674,11091.01 ,11128.78 ,10999.75 ,11024.51 ,11024.51 ,3977130000.00 
675,11058.56 ,11179.87 ,10975.66 ,11174.41 ,11174.41 ,4186360000.00 
676,11174.61 ,11310.82 ,11174.61 ,11285.32 ,11285.32 ,4431530000.00 
677,11231.00 ,11261.57 ,11206.38 ,11226.36 ,11226.36 ,2184080000.00 
678,11147.57 ,11217.75 ,11020.69 ,11049.50 ,11049.50 ,4271360000.00 
679,11060.02 ,11086.02 ,10944.37 ,10983.78 ,10983.78 ,4592830000.00 
680,10995.20 ,11468.47 ,10966.53 ,11468.00 ,11468.00 ,6653460000.00 
681,11475.17 ,11546.77 ,11378.75 ,11482.45 ,11482.45 ,5158120000.00 
682,11308.38 ,11492.32 ,11296.72 ,11461.50 ,11461.50 ,4523010000.00 
683,11380.99 ,11425.51 ,11193.02 ,11239.94 ,11239.94 ,4510030000.00 
684,11228.42 ,11241.42 ,10956.20 ,11014.89 ,11014.89 ,4713330000.00 
685,10963.95 ,11039.81 ,10910.62 ,10958.55 ,10958.55 ,4343860000.00 
686,11011.33 ,11119.16 ,10939.47 ,11082.00 ,11082.00 ,4281800000.00 
687,11038.17 ,11138.70 ,10999.26 ,11004.62 ,11004.62 ,4337440000.00 
688,11015.48 ,11144.67 ,10984.82 ,11143.74 ,11143.74 ,4829990000.00 
689,11542.84 ,11571.64 ,11160.54 ,11256.81 ,11256.81 ,6126890000.00 
690,11248.09 ,11352.09 ,11065.24 ,11170.89 ,11170.89 ,5485150000.00 
691,11012.62 ,11029.57 ,10775.61 ,10810.53 ,10810.53 ,5536070000.00 
692,10767.63 ,10833.24 ,10642.10 ,10705.41 ,10705.41 ,7968170000.00 
693,10707.44 ,10713.97 ,10497.55 ,10546.03 ,10546.03 ,4631820000.00 
694,10490.89 ,10609.46 ,10446.82 ,10547.11 ,10547.11 ,4707190000.00 
695,10592.00 ,10753.57 ,10569.20 ,10709.37 ,10709.37 ,4401420000.00 
696,10586.46 ,10599.34 ,10313.32 ,10476.12 ,10476.12 ,5125070000.00 
697,10437.75 ,10514.76 ,10361.82 ,10497.86 ,10497.86 ,3544680000.00 
698,10462.19 ,10472.32 ,10340.73 ,10353.23 ,10353.23 ,3827290000.00 
699,10339.20 ,10414.82 ,10207.47 ,10213.29 ,10213.29 ,3842970000.00 
700,10321.46 ,10502.08 ,10301.06 ,10478.09 ,10478.09 ,4154100000.00 
701,10368.37 ,10468.31 ,10324.70 ,10466.48 ,10466.48 ,3959030000.00 
702,10562.06 ,10613.06 ,10309.16 ,10386.98 ,10386.98 ,4780650000.00 
703,10467.82 ,10515.22 ,10337.64 ,10458.76 ,10458.76 ,5085380000.00 
704,10390.31 ,10393.22 ,10295.25 ,10305.24 ,10305.24 ,4764270000.00 
705,10363.96 ,10604.14 ,10265.04 ,10569.29 ,10569.29 ,5199780000.00 
706,10662.10 ,10807.26 ,10619.12 ,10635.65 ,10635.65 ,5132190000.00 
707,10607.72 ,10743.67 ,10589.59 ,10742.63 ,10742.63 ,4710680000.00 
708,10794.99 ,10932.44 ,10762.73 ,10931.67 ,10931.67 ,5284390000.00 
709,10969.26 ,11027.75 ,10797.12 ,11001.10 ,11001.10 ,5681240000.00 
710,10906.37 ,11084.01 ,10900.16 ,11079.16 ,11079.16 ,5077990000.00 
711,11070.00 ,11145.44 ,11024.72 ,11095.11 ,11095.11 ,5138410000.00 
712,11170.95 ,11223.41 ,10952.05 ,10957.01 ,10957.01 ,5288630000.00 
713,10890.40 ,10932.52 ,10804.57 ,10852.27 ,10852.27 ,4660800000.00 
714,10924.66 ,11143.17 ,10885.65 ,11140.43 ,11140.43 ,5980110000.00 
715,11171.94 ,11405.50 ,11144.03 ,11364.41 ,11364.41 ,5997810000.00 
716,11302.93 ,11378.15 ,11282.65 ,11334.27 ,11334.27 ,5670860000.00 
717,11146.53 ,11334.22 ,11069.18 ,11313.36 ,11313.36 ,5485570000.00 
718,11458.40 ,11516.05 ,11341.19 ,11512.41 ,11512.41 ,5732890000.00 
719,11470.47 ,11691.89 ,11470.27 ,11621.71 ,11621.71 ,6243800000.00 
720,11512.34 ,11553.31 ,11388.54 ,11393.81 ,11393.81 ,5122320000.00 
721,11398.58 ,11586.01 ,11398.37 ,11584.55 ,11584.55 ,5695150000.00 
722,11573.14 ,11904.02 ,11500.33 ,11816.32 ,11816.32 ,6336040000.00 
723,12065.15 ,12269.55 ,12024.14 ,12200.82 ,12200.82 ,7038210000.00 
724,11946.86 ,12231.31 ,11946.86 ,12006.95 ,12006.95 ,5954490000.00 
725,11904.41 ,11973.41 ,11843.49 ,11887.45 ,11887.45 ,5538350000.00 
726,11891.25 ,12150.22 ,11836.78 ,12113.79 ,12113.79 ,5720240000.00 
727,12069.12 ,12096.39 ,11890.09 ,11910.52 ,11910.52 ,5052870000.00 
728,12069.10 ,12070.96 ,11745.11 ,11789.58 ,11789.58 ,5536290000.00 
729,11714.60 ,11775.80 ,11630.54 ,11718.12 ,11718.12 ,4885030000.00 
730,11759.09 ,11910.92 ,11719.73 ,11891.79 ,11891.79 ,4752880000.00 
731,11808.20 ,11999.85 ,11760.56 ,11960.15 ,11960.15 ,5032430000.00 
732,11905.12 ,12071.29 ,11876.82 ,12070.59 ,12070.59 ,5056640000.00 
733,11896.31 ,12040.34 ,11853.36 ,11855.83 ,11855.83 ,5159410000.00 
734,11777.50 ,11803.22 ,11673.21 ,11787.27 ,11787.27 ,4925230000.00 
735,11640.37 ,11684.14 ,11491.18 ,11492.30 ,11492.30 ,5002540000.00 
736,11517.20 ,11582.52 ,11445.17 ,11507.07 ,11507.07 ,4671270000.00 
737,11636.93 ,11638.98 ,11432.58 ,11590.40 ,11590.40 ,4714580000.00 
738,11404.18 ,11434.36 ,11334.47 ,11394.94 ,11394.94 ,4432650000.00 
739,11517.19 ,11565.23 ,11444.60 ,11466.98 ,11466.98 ,4494000000.00 
740,11451.05 ,11548.23 ,11435.39 ,11455.54 ,11455.54 ,5340950000.00 
741,11447.58 ,11479.00 ,11349.87 ,11379.48 ,11379.48 ,4927530000.00 
742,11273.77 ,11487.59 ,11273.61 ,11462.98 ,11462.98 ,5313760000.00 
743,11524.65 ,11699.63 ,11514.74 ,11689.01 ,11689.01 ,5102210000.00 
744,11736.87 ,11827.92 ,11667.48 ,11675.74 ,11675.74 ,4982880000.00 
745,11670.98 ,11705.96 ,11512.03 ,11530.33 ,11530.33 ,5422820000.00 
746,11553.09 ,11601.23 ,11487.75 ,11576.00 ,11576.00 ,5085970000.00 
747,11578.31 ,11667.12 ,11319.98 ,11338.35 ,11338.35 ,5061790000.00 
748,11325.36 ,11373.81 ,11093.86 ,11138.89 ,11138.89 ,6193500000.00 
749,11041.46 ,11326.73 ,10982.80 ,11188.84 ,11188.84 ,6201490000.00 
750,11357.73 ,11467.02 ,11284.93 ,11428.15 ,11428.15 ,5533120000.00 
751,11291.17 ,11447.90 ,11238.44 ,11434.05 ,11434.05 ,5912430000.00 
752,11384.87 ,11733.80 ,11365.49 ,11717.28 ,11717.28 ,5498920000.00 
753,11696.34 ,11773.11 ,11562.63 ,11630.51 ,11630.51 ,7903090000.00 
754,11614.39 ,11695.55 ,11550.69 ,11675.54 ,11675.54 ,4970630000.00 
755,11764.79 ,11879.16 ,11724.91 ,11860.11 ,11860.11 ,4829870000.00 
756,11857.50 ,12013.99 ,11666.85 ,11669.96 ,11669.96 ,4981590000.00 
757,11811.32 ,11962.69 ,11684.52 ,11787.40 ,11787.40 ,4917460000.00 
758,11747.62 ,11826.23 ,11670.67 ,11823.96 ,11823.96 ,4363650000.00 
759,11868.54 ,11903.21 ,11739.05 ,11768.84 ,11768.84 ,4330320000.00 
760,11752.76 ,11752.76 ,11635.03 ,11716.08 ,11716.08 ,4036910000.00 
761,11855.59 ,11941.60 ,11823.35 ,11926.24 ,11926.24 ,4493540000.00 
762,12010.45 ,12044.79 ,11953.37 ,12013.47 ,12013.47 ,4738880000.00 
763,12031.54 ,12227.93 ,12030.44 ,12221.91 ,12221.91 ,5521150000.00 
764,12146.09 ,12196.34 ,12086.52 ,12189.45 ,12189.45 ,4816440000.00 
765,12208.49 ,12224.68 ,12081.81 ,12126.33 ,12126.33 ,4298760000.00 
766,12081.76 ,12086.75 ,11931.85 ,11996.86 ,11996.86 ,4378590000.00 
767,11939.08 ,12098.50 ,11898.36 ,12087.96 ,12087.96 ,3862800000.00 
768,11975.13 ,12084.95 ,11924.20 ,12084.36 ,12084.36 ,4334070000.00 
769,12080.24 ,12091.27 ,12011.40 ,12031.88 ,12031.88 ,4676960000.00 
770,12110.87 ,12134.50 ,11916.54 ,11929.34 ,11929.34 ,4909770000.00 
771,11997.42 ,12178.80 ,11995.94 ,12166.27 ,12166.27 ,4942990000.00 
772,12117.91 ,12205.72 ,12026.55 ,12123.47 ,12123.47 ,4655740000.00 
773,12108.23 ,12159.02 ,12064.10 ,12157.72 ,12157.72 ,4823180000.00 
774,12234.56 ,12245.43 ,12110.23 ,12153.41 ,12153.41 ,4851810000.00 
775,12063.68 ,12191.10 ,12060.17 ,12157.23 ,12157.23 ,4972700000.00 
776,12039.08 ,12155.96 ,12011.95 ,12059.56 ,12059.56 ,4590530000.00 
777,12046.03 ,12097.15 ,11986.82 ,12072.46 ,12072.46 ,4868050000.00 
778,12053.47 ,12103.58 ,11960.30 ,12037.20 ,12037.20 ,4854050000.00 
779,11968.81 ,11990.46 ,11798.77 ,11799.16 ,11799.16 ,4806020000.00 
780,11913.23 ,11967.99 ,11833.07 ,11854.35 ,11854.35 ,5281970000.00 
781,11972.15 ,12154.01 ,11950.92 ,12142.24 ,12142.24 ,5253710000.00 
782,12117.54 ,12227.72 ,12082.57 ,12226.58 ,12226.58 ,5331380000.00 
783,12210.05 ,12261.32 ,12181.08 ,12212.60 ,12212.60 ,5168430000.00 
784,12198.02 ,12206.58 ,12015.23 ,12080.51 ,12080.51 ,5501410000.00 
785,12097.04 ,12212.55 ,12022.46 ,12025.33 ,12025.33 ,5782160000.00 
786,11997.34 ,12033.15 ,11925.37 ,11966.40 ,11966.40 ,4745780000.00 
787,12073.03 ,12264.83 ,12065.72 ,12235.41 ,12235.41 ,4574790000.00 
788,12231.68 ,12264.99 ,12178.26 ,12256.92 ,12256.92 ,4216360000.00 
789,12195.78 ,12216.13 ,12174.06 ,12179.55 ,12179.55 ,4126780000.00 
790,12286.66 ,12337.69 ,12180.86 ,12306.44 ,12306.44 ,4948260000.00 
791,12321.26 ,12347.38 ,12255.44 ,12328.51 ,12328.51 ,4489490000.00 
792,12350.52 ,12364.65 ,12209.58 ,12284.74 ,12284.74 ,4170000000.00 
793,12301.17 ,12376.40 ,12263.35 ,12365.21 ,12365.21 ,3979290000.00 
794,12327.05 ,12403.81 ,12324.52 ,12343.05 ,12343.05 ,4067510000.00 
795,12388.58 ,12514.07 ,12335.02 ,12500.57 ,12500.57 ,4501820000.00 
796,12513.87 ,12698.50 ,12512.26 ,12688.84 ,12688.84 ,4532890000.00 
797,12709.46 ,12731.73 ,12624.06 ,12657.90 ,12657.90 ,3935780000.00 
798,12664.44 ,12756.23 ,12655.26 ,12720.78 ,12720.78 ,4278920000.00 
799,12652.88 ,12709.74 ,12554.43 ,12560.25 ,12560.25 ,4347440000.00 
800,12481.89 ,12529.63 ,12415.85 ,12484.16 ,12484.16 ,4088270000.00 
801,12706.44 ,12736.92 ,12604.89 ,12698.09 ,12698.09 ,4651640000.00 
802,12736.42 ,13001.91 ,12729.74 ,12975.69 ,12975.69 ,4434070000.00 
803,13109.10 ,13154.29 ,12968.12 ,13017.43 ,13017.43 ,4843470000.00 
804,12968.38 ,13029.08 ,12889.37 ,12935.29 ,12935.29 ,5905760000.00 
805,12944.46 ,13141.83 ,12903.63 ,13100.98 ,13100.98 ,4610310000.00 
806,13190.48 ,13256.21 ,13125.86 ,13240.77 ,13240.77 ,4426760000.00 
807,13238.48 ,13330.65 ,13194.95 ,13229.43 ,13229.43 ,4344280000.00 
808,13199.59 ,13306.21 ,13165.65 ,13276.42 ,13276.42 ,4810910000.00 
809,13295.26 ,13361.90 ,13089.48 ,13104.90 ,13104.90 ,5270600000.00 
810,13113.27 ,13248.60 ,13101.18 ,13238.52 ,13238.52 ,4280160000.00 
811,13312.39 ,13385.95 ,13229.33 ,13259.14 ,13259.14 ,4412710000.00 
812,13326.37 ,13465.91 ,13302.58 ,13461.92 ,13461.92 ,4722680000.00 
813,13566.53 ,13594.40 ,13473.19 ,13573.32 ,13573.32 ,5522100000.00 
814,13570.56 ,13661.74 ,13455.99 ,13626.48 ,13626.48 ,5772550000.00 
815,13572.88 ,13828.17 ,13561.37 ,13782.82 ,13782.82 ,5667520000.00 
816,13859.07 ,13864.06 ,13680.95 ,13689.57 ,13689.57 ,8076530000.00 
817,13642.29 ,13711.18 ,13561.84 ,13667.29 ,13667.29 ,5237710000.00 
818,13620.87 ,13638.57 ,13460.94 ,13502.20 ,13502.20 ,5194640000.00 
819,13443.41 ,13631.85 ,13441.56 ,13630.61 ,13630.61 ,4499550000.00 
820,13484.10 ,13572.19 ,13442.65 ,13492.52 ,13492.52 ,7734500000.00 
821,13468.74 ,13573.57 ,13334.42 ,13335.78 ,13335.78 ,4430600000.00 
822,13389.25 ,13578.80 ,13366.97 ,13555.67 ,13555.67 ,5053660000.00 
823,13506.02 ,13654.14 ,13495.73 ,13591.75 ,13591.75 ,4533270000.00 
824,13592.36 ,13618.53 ,13540.26 ,13591.33 ,13591.33 ,4388140000.00 
825,13719.98 ,13816.68 ,13716.16 ,13787.92 ,13787.92 ,4661120000.00 
826,13798.70 ,13839.09 ,13773.41 ,13816.77 ,13816.77 ,2902300000.00 
827,13772.10 ,13844.50 ,13764.25 ,13791.65 ,13791.65 ,5339340000.00 
828,13653.17 ,13689.52 ,13567.25 ,13679.04 ,13679.04 ,6113080000.00 
829,13668.07 ,13804.51 ,13656.73 ,13660.72 ,13660.72 ,5098120000.00 
830,13645.37 ,13692.41 ,13584.87 ,13685.48 ,13685.48 ,5275390000.00 
831,13709.81 ,13774.83 ,13643.32 ,13760.70 ,13760.70 ,4840950000.00 
832,13915.64 ,13963.45 ,13842.13 ,13918.96 ,13918.96 ,5230620000.00 
833,14021.15 ,14163.80 ,14012.24 ,14138.57 ,14138.57 ,5183560000.00 
834,14166.66 ,14232.11 ,14081.96 ,14113.70 ,14113.70 ,5366890000.00 
835,14149.92 ,14274.41 ,14138.01 ,14244.95 ,14244.95 ,4593160000.00 
836,14212.25 ,14396.69 ,14176.11 ,14353.64 ,14353.64 ,4824070000.00 
837,14398.53 ,14446.55 ,14317.09 ,14358.02 ,14358.02 ,5112420000.00 
838,14273.29 ,14309.92 ,14030.62 ,14063.31 ,14063.31 ,5128020000.00 
839,14148.18 ,14179.01 ,14020.45 ,14032.81 ,14032.81 ,5254180000.00 
840,14081.63 ,14110.15 ,13997.13 ,14058.87 ,14058.87 ,4083070000.00 
841,14093.24 ,14201.91 ,14092.52 ,14144.56 ,14144.56 ,3812470000.00 
842,14123.52 ,14187.35 ,14041.95 ,14127.28 ,14127.28 ,4322000000.00 
843,14319.16 ,14360.20 ,14006.93 ,14050.11 ,14050.11 ,5115840000.00 
844,14199.83 ,14344.35 ,14188.10 ,14316.66 ,14316.66 ,4453520000.00 
845,14337.90 ,14370.91 ,14292.75 ,14346.02 ,14346.02 ,4934440000.00 
846,14274.93 ,14309.21 ,14215.64 ,14283.91 ,14283.91 ,4633770000.00 
847,14132.73 ,14133.85 ,13914.81 ,13973.45 ,13973.45 ,5481960000.00 
848,13899.76 ,14032.28 ,13881.35 ,13959.72 ,13959.72 ,6036970000.00 
849,14025.96 ,14119.22 ,13897.93 ,13909.24 ,13909.24 ,5349450000.00 
850,13972.45 ,13997.15 ,13864.92 ,13994.40 ,13994.40 ,4892330000.00 
851,13875.45 ,13899.74 ,13769.34 ,13884.32 ,13884.32 ,5284550000.00 
852,13897.61 ,13898.54 ,13698.39 ,13722.02 ,13722.02 ,5591360000.00 
853,13818.25 ,13947.16 ,13686.51 ,13737.99 ,13737.99 ,5299080000.00 
854,13633.65 ,13720.33 ,13609.98 ,13644.85 ,13644.85 ,4638880000.00 
855,13599.00 ,13789.16 ,13582.49 ,13788.33 ,13788.33 ,4272020000.00 
856,13760.48 ,13774.98 ,13611.94 ,13631.05 ,13631.05 ,4473320000.00 
857,13593.17 ,13644.32 ,13473.03 ,13474.63 ,13474.63 ,6243760000.00 
858,13527.30 ,13535.09 ,13303.45 ,13316.93 ,13316.93 ,5280180000.00 
859,13190.02 ,13335.87 ,13161.76 ,13290.78 ,13290.78 ,4801910000.00 
860,13347.26 ,13516.86 ,13325.59 ,13497.59 ,13497.59 ,4363070000.00 
861,13593.95 ,13598.77 ,13484.38 ,13505.87 ,13505.87 ,4282430000.00 
862,13532.43 ,13757.00 ,13532.43 ,13721.03 ,13721.03 ,4127850000.00 
863,13834.31 ,13834.69 ,13462.84 ,13463.97 ,13463.97 ,4383820000.00 
864,13514.37 ,13633.42 ,13376.35 ,13590.65 ,13590.65 ,3970060000.00 
865,13695.36 ,13735.98 ,13626.64 ,13705.13 ,13705.13 ,3666680000.00 
866,13687.23 ,13959.81 ,13677.06 ,13943.76 ,13943.76 ,4748180000.00 
867,13961.77 ,14050.82 ,13924.20 ,14019.31 ,14019.31 ,4364600000.00 
868,14041.54 ,14114.67 ,14010.48 ,14034.97 ,14034.97 ,4568610000.00 
869,14129.96 ,14149.62 ,13982.42 ,14031.81 ,14031.81 ,4033960000.00 
870,13994.54 ,14060.85 ,13945.65 ,14020.95 ,14020.95 ,4379790000.00 
871,13988.81 ,14001.95 ,13802.42 ,13872.47 ,13872.47 ,4215320000.00 
872,13675.11 ,13774.63 ,13642.47 ,13748.83 ,13748.83 ,4320830000.00 
873,13754.71 ,13843.37 ,13733.18 ,13761.53 ,13761.53 ,4160360000.00 
874,13884.03 ,13937.47 ,13805.13 ,13917.89 ,13917.89 ,4538870000.00 
875,13858.94 ,13913.60 ,13763.69 ,13773.61 ,13773.61 ,4595490000.00 
876,13773.67 ,13868.57 ,13733.82 ,13813.59 ,13813.59 ,4840310000.00 
877,13889.76 ,13957.57 ,13810.66 ,13926.05 ,13926.05 ,4649010000.00 
878,13889.20 ,13895.75 ,13684.24 ,13708.33 ,13708.33 ,8162210000.00 
879,13669.96 ,13751.28 ,13663.46 ,13710.24 ,13710.24 ,4855880000.00 
880,13649.44 ,13705.15 ,13578.87 ,13678.19 ,13678.19 ,4453460000.00 
881,13710.26 ,13727.81 ,13467.28 ,13469.13 ,13469.13 ,4782440000.00 
882,13328.06 ,13362.23 ,13222.56 ,13223.98 ,13223.98 ,5014890000.00 
883,13287.17 ,13353.22 ,13200.64 ,13211.81 ,13211.81 ,4302700000.00 
884,13172.54 ,13277.83 ,13132.00 ,13271.32 ,13271.32 ,4100290000.00 
885,13180.96 ,13199.13 ,13033.40 ,13063.61 ,13063.61 ,4693540000.00 
886,13115.36 ,13156.37 ,12963.16 ,13092.85 ,13092.85 ,4841410000.00 
887,13043.37 ,13270.97 ,13025.11 ,13201.28 ,13201.28 ,4648390000.00 
888,13337.71 ,13382.98 ,13177.09 ,13219.32 ,13219.32 ,5138500000.00 
889,13217.98 ,13364.03 ,13204.08 ,13307.77 ,13307.77 ,4554700000.00 
890,13229.68 ,13280.04 ,13008.60 ,13059.47 ,13059.47 ,4684310000.00 
891,13092.92 ,13258.76 ,13072.51 ,13236.01 ,13236.01 ,4308070000.00 
892,13228.12 ,13251.18 ,13087.57 ,13219.83 ,13219.83 ,4167470000.00 
893,13127.68 ,13472.27 ,13099.03 ,13431.34 ,13431.34 ,4309420000.00 
894,13326.22 ,13509.30 ,13277.48 ,13484.24 ,13484.24 ,3835930000.00 
895,13505.81 ,13659.63 ,13491.81 ,13562.84 ,13562.84 ,4301350000.00 
896,13619.21 ,13671.11 ,13549.29 ,13659.68 ,13659.68 ,4160440000.00 
897,13672.47 ,13714.14 ,13491.56 ,13574.22 ,13574.22 ,4858620000.00 
898,13613.59 ,13619.54 ,13361.85 ,13407.23 ,13407.23 ,4251550000.00 
899,13453.81 ,13598.05 ,13447.17 ,13567.98 ,13567.98 ,4308690000.00 
900,13419.87 ,13602.25 ,13364.74 ,13533.75 ,13533.75 ,4417640000.00 
901,13439.68 ,13499.74 ,13275.30 ,13314.30 ,13314.30 ,4617140000.00 
902,13354.80 ,13404.73 ,13157.33 ,13186.18 ,13186.18 ,5014790000.00 
903,13157.77 ,13177.35 ,12977.43 ,12983.81 ,12983.81 ,4622840000.00 
904,12930.85 ,13143.22 ,12848.83 ,13018.33 ,13018.33 ,4669060000.00 
905,13084.99 ,13170.39 ,13022.85 ,13139.87 ,13139.87 ,4604720000.00 
906,13039.86 ,13042.52 ,12804.30 ,12821.22 ,12821.22 ,4599850000.00 
907,12768.97 ,12818.14 ,12543.86 ,12595.61 ,12595.61 ,4894900000.00 
908,12718.69 ,12772.43 ,12600.57 ,12643.01 ,12643.01 ,4172100000.00 
909,12750.47 ,12842.96 ,12691.56 ,12789.48 ,12789.48 ,4149320000.00 
910,12786.62 ,12859.40 ,12697.04 ,12851.24 ,12851.24 ,4315630000.00 
911,12887.06 ,13072.42 ,12875.20 ,13061.47 ,13061.47 ,4545120000.00 
912,13230.49 ,13302.18 ,13177.64 ,13294.19 ,13294.19 ,4962950000.00 
913,13362.85 ,13520.28 ,13344.73 ,13478.28 ,13478.28 ,4918750000.00 
914,13514.08 ,13551.62 ,13435.99 ,13518.78 ,13518.78 ,4345850000.00 
915,13555.79 ,13675.46 ,13516.56 ,13639.86 ,13639.86 ,4354460000.00 
916,13660.22 ,13684.87 ,13573.58 ,13650.41 ,13650.41 ,4685550000.00 
917,13693.70 ,13697.82 ,13506.02 ,13521.45 ,13521.45 ,5313970000.00 
918,13571.19 ,13802.53 ,13556.35 ,13798.11 ,13798.11 ,4722140000.00 
919,13745.96 ,13805.11 ,13687.78 ,13767.74 ,13767.74 ,4349590000.00 
920,14015.37 ,14124.06 ,14003.14 ,14094.38 ,14094.38 ,5332490000.00 
921,14147.27 ,14194.36 ,14060.70 ,14103.84 ,14103.84 ,5063830000.00 
922,14066.88 ,14130.45 ,14033.79 ,14113.67 ,14113.67 ,4545180000.00 
923,14101.44 ,14154.32 ,14063.93 ,14125.48 ,14125.48 ,4408640000.00 
924,14134.75 ,14309.80 ,14134.20 ,14284.53 ,14284.53 ,4561810000.00 
925,14217.23 ,14237.50 ,14146.31 ,14199.98 ,14199.98 ,4128600000.00 
926,14283.82 ,14359.61 ,14226.63 ,14265.86 ,14265.86 ,3855240000.00 
927,14238.04 ,14270.28 ,14214.13 ,14250.85 ,14250.85 ,2541840000.00 
928,14239.31 ,14305.71 ,14205.24 ,14241.02 ,14241.02 ,4205880000.00 
929,14224.63 ,14303.66 ,14195.72 ,14281.76 ,14281.76 ,4474400000.00 
930,14367.11 ,14423.22 ,14247.89 ,14258.49 ,14258.49 ,4890220000.00 
931,14265.05 ,14289.20 ,14127.05 ,14226.22 ,14226.22 ,5678070000.00 
932,14181.35 ,14311.95 ,14135.00 ,14305.03 ,14305.03 ,5607000000.00 
933,14168.66 ,14197.52 ,14058.52 ,14185.49 ,14185.49 ,6270020000.00 
934,14126.40 ,14285.66 ,14121.76 ,14229.91 ,14229.91 ,6179120000.00 
935,14325.62 ,14327.63 ,14138.51 ,14146.71 ,14146.71 ,5167030000.00 
936,14230.43 ,14353.11 ,14220.87 ,14339.99 ,14339.99 ,5694310000.00 
937,14279.46 ,14416.92 ,14264.96 ,14403.97 ,14403.97 ,5430840000.00 
938,14340.13 ,14436.08 ,14324.57 ,14432.49 ,14432.49 ,5607820000.00 
939,14423.01 ,14533.40 ,14385.39 ,14533.40 ,14533.40 ,4950100000.00 
940,14555.68 ,14743.55 ,14517.52 ,14733.96 ,14733.96 ,6732040000.00 
941,14798.72 ,14855.62 ,14642.23 ,14761.56 ,14761.56 ,8033170000.00 
942,14797.46 ,14848.40 ,14753.16 ,14813.92 ,14813.92 ,8377630000.00 
943,14814.02 ,14938.04 ,14811.82 ,14904.81 ,14904.81 ,5866080000.00 
944,14923.02 ,15003.80 ,14921.60 ,15003.22 ,15003.22 ,5757180000.00 
945,14973.36 ,15069.29 ,14776.29 ,14777.94 ,14777.94 ,6294700000.00 
946,14923.14 ,14970.81 ,14837.47 ,14963.87 ,14963.87 ,5465640000.00 
947,15006.18 ,15047.19 ,14927.12 ,14992.97 ,14992.97 ,4796600000.00 
948,15028.69 ,15101.18 ,15024.06 ,15074.57 ,15074.57 ,6120600000.00 
949,15089.66 ,15114.08 ,15051.67 ,15099.18 ,15099.18 ,7480170000.00 
950,15142.09 ,15150.07 ,15087.22 ,15095.14 ,15095.14 ,5090570000.00 
951,15099.20 ,15111.41 ,14955.37 ,15011.35 ,15011.35 ,5441060000.00 
952,14873.70 ,14887.80 ,14682.38 ,14765.94 ,14765.94 ,5791170000.00 
953,14641.47 ,14694.58 ,14577.44 ,14592.21 ,14592.21 ,5449950000.00 
954,14532.23 ,14632.77 ,14504.78 ,14510.30 ,14510.30 ,5289220000.00 
955,14500.11 ,14625.19 ,14477.57 ,14524.07 ,14524.07 ,5232820000.00 
956,14564.47 ,14846.90 ,14560.20 ,14843.77 ,14843.77 ,6337770000.00 
957,14744.13 ,14894.32 ,14716.71 ,14857.71 ,14857.71 ,5068410000.00 
958,14877.70 ,14998.20 ,14842.70 ,14969.65 ,14969.65 ,4404590000.00 
959,15020.95 ,15063.61 ,14800.38 ,14970.19 ,14970.19 ,5044690000.00 
960,15001.01 ,15047.25 ,14931.88 ,14972.76 ,14972.76 ,4958940000.00 
961,14908.26 ,15004.35 ,14863.81 ,14944.35 ,14944.35 ,6386180000.00 
962,14814.77 ,14865.76 ,14706.23 ,14855.62 ,14855.62 ,5181740000.00 
963,14994.52 ,15066.81 ,14911.11 ,15055.65 ,15055.65 ,5587440000.00 
964,15122.38 ,15310.97 ,15087.20 ,15310.97 ,15310.97 ,5604950000.00 
965,15393.05 ,15438.85 ,15333.63 ,15360.29 ,15360.29 ,5456240000.00 
966,15391.41 ,15432.35 ,15337.23 ,15425.94 ,15425.94 ,5207680000.00 
967,15560.61 ,15629.07 ,15468.91 ,15481.92 ,15481.92 ,4983210000.00 
968,15555.62 ,15597.25 ,15430.68 ,15510.50 ,15510.50 ,5281570000.00 
969,15474.85 ,15538.84 ,15433.04 ,15455.36 ,15455.36 ,4510530000.00 
970,15470.66 ,15630.58 ,15449.87 ,15628.04 ,15628.04 ,4979310000.00 
971,15604.08 ,15619.23 ,15484.67 ,15509.90 ,15509.90 ,4719240000.00 
972,15324.19 ,15405.56 ,15158.49 ,15164.01 ,15164.01 ,5875610000.00 
973,15254.02 ,15372.13 ,15208.88 ,15361.64 ,15361.64 ,5046920000.00 
974,15403.16 ,15664.21 ,15366.78 ,15628.95 ,15628.95 ,4800690000.00 
975,15613.99 ,15637.88 ,15471.68 ,15597.68 ,15597.68 ,4831020000.00 
976,15638.19 ,15652.75 ,15515.25 ,15609.00 ,15609.00 ,4759640000.00 
977,15690.35 ,15770.68 ,15645.81 ,15756.64 ,15756.64 ,4567580000.00 
978,15762.23 ,15813.27 ,15739.18 ,15793.71 ,15793.71 ,5675850000.00 
979,15842.38 ,16007.29 ,15831.76 ,15990.66 ,15990.66 ,5797260000.00 
980,15980.62 ,16080.07 ,15917.87 ,15942.55 ,15942.55 ,5458490000.00 
981,15598.88 ,15770.42 ,15551.44 ,15655.60 ,15655.60 ,5599860000.00 
982,15781.71 ,15865.51 ,15683.94 ,15859.15 ,15859.15 ,5092660000.00 
983,15865.30 ,15911.22 ,15779.72 ,15906.17 ,15906.17 ,6049100000.00 
984,15910.43 ,15917.41 ,15752.02 ,15775.65 ,15775.65 ,5223800000.00 
985,15679.84 ,15730.47 ,15508.50 ,15630.78 ,15630.78 ,5595700000.00 
986,15532.12 ,15583.68 ,15451.65 ,15580.87 ,15580.87 ,4845740000.00 
987,15904.48 ,16061.82 ,15869.24 ,16041.62 ,16041.62 ,5653930000.00 
988,16094.80 ,16134.22 ,15954.50 ,15996.82 ,15996.82 ,5077910000.00 
989,16014.45 ,16054.90 ,15973.90 ,15976.25 ,15976.25 ,5417630000.00 
990,16013.98 ,16046.10 ,15940.51 ,16035.30 ,16035.30 ,5423020000.00 
991,15969.14 ,16003.56 ,15924.72 ,15947.74 ,15947.74 ,5581690000.00 
992,16059.34 ,16115.96 ,15931.70 ,16091.92 ,16091.92 ,6265340000.00 
993,16109.83 ,16302.24 ,16096.60 ,16274.94 ,16274.94 ,5457910000.00 
994,16264.21 ,16289.06 ,16199.06 ,16207.51 ,16207.51 ,5725470000.00 
995,16077.74 ,16087.57 ,15862.63 ,15939.59 ,15939.59 ,6356800000.00 
996,16092.00 ,16128.56 ,15956.66 ,16031.54 ,16031.54 ,5511370000.00 
997,16147.32 ,16309.02 ,16096.01 ,16273.38 ,16273.38 ,5072790000.00 
998,16322.10 ,16449.70 ,16059.50 ,16085.11 ,16085.11 ,5411790000.00 
999,16052.63 ,16085.95 ,15978.04 ,16019.27 ,16019.27 ,4917620000.00 
1000,16116.98 ,16275.45 ,15992.98 ,16265.64 ,16265.64 ,5100330000.00 
1001,16220.11 ,16233.30 ,16143.34 ,16177.77 ,16177.77 ,4839000000.00 
1002,16209.19 ,16245.32 ,16039.68 ,16128.53 ,16128.53 ,5450980000.00 
1003,16043.58 ,16055.33 ,15925.91 ,15973.17 ,15973.17 ,8261950000.00 
1004,16154.92 ,16247.59 ,16094.17 ,16103.45 ,16103.45 ,5025040000.00 
1005,16031.93 ,16175.59 ,15951.86 ,16166.79 ,16166.79 ,4758740000.00 
1006,16185.76 ,16377.44 ,16127.48 ,16369.41 ,16369.41 ,5298380000.00 
1007,16517.24 ,16538.86 ,16393.90 ,16401.84 ,16401.84 ,5134740000.00 
1008,16387.83 ,16467.62 ,16361.00 ,16428.82 ,16428.82 ,4339930000.00 
1009,16335.30 ,16441.17 ,16315.72 ,16384.47 ,16384.47 ,4636940000.00 
1010,16446.85 ,16476.38 ,16312.95 ,16315.70 ,16315.70 ,5144260000.00 
1011,16424.76 ,16431.82 ,16279.17 ,16399.52 ,16399.52 ,4768930000.00 
1012,16377.23 ,16420.92 ,16347.38 ,16379.46 ,16379.46 ,5174450000.00 
1013,16397.05 ,16490.65 ,16327.89 ,16396.83 ,16396.83 ,4798390000.00 
1014,16199.24 ,16251.41 ,16137.24 ,16240.45 ,16240.45 ,4710280000.00 
1015,16178.80 ,16340.74 ,16169.31 ,16277.46 ,16277.46 ,5151500000.00 
1016,16418.57 ,16468.04 ,16046.56 ,16049.08 ,16049.08 ,5368700000.00 
1017,16095.40 ,16326.50 ,16080.48 ,16248.52 ,16248.52 ,4578130000.00 
1018,16285.18 ,16323.60 ,16220.72 ,16253.96 ,16253.96 ,4386700000.00 
1019,16328.76 ,16348.18 ,16141.15 ,16306.64 ,16306.64 ,4869190000.00 
1020,16104.01 ,16200.10 ,16092.02 ,16170.36 ,16170.36 ,5308250000.00 
1021,16236.20 ,16464.60 ,16154.65 ,16442.20 ,16442.20 ,4714750000.00 
1022,16293.03 ,16341.46 ,16125.33 ,16175.09 ,16175.09 ,4552740000.00 
1023,16276.47 ,16295.27 ,15863.88 ,15885.02 ,15885.02 ,4910550000.00 
1024,15856.38 ,15965.79 ,15822.02 ,15865.25 ,15865.25 ,5001860000.00 
1025,15942.29 ,15957.03 ,15654.51 ,15683.37 ,15683.37 ,4991470000.00 
1026,15705.69 ,15786.12 ,15587.50 ,15601.50 ,15601.50 ,4932540000.00 
1027,15547.10 ,15576.70 ,15222.78 ,15282.01 ,15282.01 ,5316010000.00 
1028,15396.13 ,15539.00 ,15265.66 ,15451.31 ,15451.31 ,4616730000.00 
1029,15525.55 ,15730.35 ,15510.59 ,15696.64 ,15696.64 ,4951670000.00 
1030,15805.60 ,15839.00 ,15634.44 ,15712.75 ,15712.75 ,4735870000.00 
1031,15375.26 ,15644.51 ,15343.91 ,15611.76 ,15611.76 ,4743640000.00 
1032,15821.34 ,15981.00 ,15770.72 ,15927.90 ,15927.90 ,4694400000.00 
1033,16007.00 ,16021.49 ,15885.89 ,15983.08 ,15983.08 ,4972520000.00 
1034,15920.89 ,15979.36 ,15655.67 ,15657.82 ,15657.82 ,5229400000.00 
1035,15646.09 ,15926.22 ,15557.64 ,15605.48 ,15605.48 ,5277790000.00 
1036,15758.11 ,15862.79 ,15604.73 ,15840.96 ,15840.96 ,4901610000.00 
1037,16147.48 ,16204.71 ,16068.34 ,16156.33 ,16156.33 ,4887310000.00 
1038,16208.54 ,16350.08 ,16197.86 ,16349.25 ,16349.25 ,4460130000.00 
1039,16358.34 ,16397.39 ,16303.84 ,16332.56 ,16332.56 ,5041870000.00 
1040,16226.07 ,16341.65 ,16226.07 ,16302.76 ,16302.76 ,4530190000.00 
1041,16323.74 ,16362.79 ,16241.98 ,16346.26 ,16346.26 ,4505120000.00 
1042,16389.02 ,16437.39 ,16293.52 ,16340.87 ,16340.87 ,4402110000.00 
1043,16400.31 ,16407.05 ,16334.86 ,16388.24 ,16388.24 ,4452750000.00 
1044,16391.16 ,16526.27 ,16386.43 ,16511.18 ,16511.18 ,7270240000.00 
1045,16601.14 ,16749.74 ,16544.09 ,16742.39 ,16742.39 ,8538990000.00 
1046,16738.11 ,16797.83 ,16693.45 ,16698.32 ,16698.32 ,11932600000.00 
1047,16708.49 ,16726.41 ,16613.84 ,16685.97 ,16685.97 ,9587280000.00 
1048,16702.02 ,16823.83 ,16695.69 ,16794.87 ,16794.87 ,6861320000.00 
1049,16736.10 ,16839.02 ,16719.97 ,16832.62 ,16832.62 ,6245090000.00 
1050,16839.02 ,16855.27 ,16712.09 ,16801.54 ,16801.54 ,7277340000.00 
1051,16996.39 ,16996.39 ,16678.37 ,16736.03 ,16736.03 ,7752800000.00 
1052,16786.79 ,16947.80 ,16771.58 ,16920.79 ,16920.79 ,5836040000.00 
1053,16988.31 ,17032.66 ,16917.51 ,17019.88 ,17019.88 ,6293380000.00 
1054,16879.35 ,16989.60 ,16873.97 ,16920.58 ,16920.58 ,6652480000.00 
1055,16878.63 ,16900.46 ,16690.36 ,16737.08 ,16737.08 ,6659290000.00 
1056,16771.90 ,16789.27 ,16445.54 ,16735.02 ,16735.02 ,6674090000.00 
1057,16865.70 ,16909.89 ,16646.43 ,16828.67 ,16828.67 ,5422040000.00 
1058,16823.88 ,16891.87 ,16750.39 ,16857.05 ,16857.05 ,4917350000.00 
1059,16974.48 ,17187.92 ,16955.56 ,17187.90 ,17187.90 ,5325000000.00 
1060,17204.87 ,17235.73 ,17123.59 ,17173.12 ,17173.12 ,4960580000.00 
1061,17124.14 ,17229.31 ,17090.04 ,17133.13 ,17133.13 ,4755650000.00 
1062,17083.45 ,17213.45 ,17057.34 ,17192.53 ,17192.53 ,5207110000.00 
1063,17160.42 ,17345.05 ,17107.99 ,17343.55 ,17343.55 ,5009220000.00 
1064,17502.15 ,17725.39 ,17490.64 ,17608.44 ,17608.44 ,5560630000.00 
1065,17715.27 ,17741.80 ,17566.32 ,17667.56 ,17667.56 ,4916020000.00 
1066,17621.18 ,17693.43 ,17590.80 ,17688.88 ,17688.88 ,4973820000.00 
1067,17697.30 ,17935.99 ,17636.36 ,17857.02 ,17857.02 ,6061200000.00 
1068,17856.76 ,17890.52 ,17796.88 ,17862.23 ,17862.23 ,5796180000.00 
1069,17913.94 ,17936.79 ,17650.69 ,17721.59 ,17721.59 ,6289300000.00 
1070,17681.01 ,17787.34 ,17620.57 ,17689.36 ,17689.36 ,8589160000.00 
1071,17640.26 ,17730.12 ,17494.02 ,17496.82 ,17496.82 ,5503210000.00 
1072,17572.16 ,17734.34 ,17546.63 ,17717.65 ,17717.65 ,4848280000.00 
1073,17697.27 ,17813.55 ,17687.07 ,17805.16 ,17805.16 ,5294310000.00 
1074,17793.95 ,17892.78 ,17765.42 ,17858.68 ,17858.68 ,5382060000.00 
1075,17891.10 ,18035.00 ,17723.83 ,17732.60 ,17732.60 ,8960940000.00 
1076,17773.90 ,17894.28 ,17657.64 ,17879.30 ,17879.30 ,5189990000.00 
1077,17808.04 ,18031.29 ,17802.24 ,18028.76 ,18028.76 ,4526550000.00 
1078,18016.12 ,18188.30 ,18016.12 ,18188.30 ,18188.30 ,3713960000.00 
1079,18200.60 ,18366.31 ,18197.14 ,18352.76 ,18352.76 ,4851000000.00 
1080,18371.86 ,18416.94 ,18342.60 ,18403.74 ,18403.74 ,5286260000.00 
1081,18465.02 ,18511.89 ,18381.60 ,18429.29 ,18429.29 ,4839140000.00 
1082,18512.09 ,18655.19 ,18467.58 ,18647.45 ,18647.45 ,5228240000.00 
1083,18659.25 ,18671.07 ,18238.78 ,18283.41 ,18283.41 ,6366620000.00 
1084,18303.64 ,18556.73 ,18293.60 ,18398.45 ,18398.45 ,5845930000.00 
1085,18485.91 ,18641.53 ,18397.83 ,18472.57 ,18472.57 ,5450350000.00 
1086,18534.27 ,18576.83 ,18386.07 ,18509.34 ,18509.34 ,5812930000.00 
1087,18188.19 ,18223.24 ,17972.87 ,17996.92 ,17996.92 ,6007280000.00 
1088,18119.15 ,18130.87 ,17759.54 ,17871.22 ,17871.22 ,5977260000.00 
1089,17835.59 ,17935.14 ,17691.43 ,17726.94 ,17726.94 ,4992930000.00 
1090,17923.65 ,18040.99 ,17839.76 ,18007.57 ,18007.57 ,5093620000.00 
1091,17982.74 ,18128.38 ,17968.10 ,17997.35 ,17997.35 ,4938000000.00 
1092,17733.91 ,17747.06 ,17313.52 ,17342.41 ,17342.41 ,6735560000.00 
1093,17352.64 ,17544.46 ,17033.96 ,17181.72 ,17181.72 ,6114350000.00 
1094,17331.95 ,17454.57 ,17239.99 ,17357.88 ,17357.88 ,5281560000.00 
1095,17444.39 ,17535.32 ,17299.83 ,17370.20 ,17370.20 ,4897230000.00 
1096,17424.10 ,17468.56 ,17015.38 ,17147.42 ,17147.42 ,5564310000.00 
1097,17499.23 ,17693.98 ,17438.60 ,17599.40 ,17599.40 ,6292560000.00 
1098,17647.03 ,17791.58 ,17051.42 ,17194.15 ,17194.15 ,6664550000.00 
1099,16780.45 ,16920.63 ,16582.79 ,16776.16 ,16776.16 ,6313870000.00 
1100,15712.53 ,16453.46 ,15708.54 ,16200.08 ,16200.08 ,6852190000.00 
1101,16261.36 ,16620.31 ,16137.65 ,16366.85 ,16366.85 ,5908930000.00 
1102,16622.31 ,16709.81 ,16179.53 ,16195.81 ,16195.81 ,5913620000.00 
1103,16408.27 ,16694.25 ,16262.93 ,16660.02 ,16660.02 ,5815880000.00 
1104,16636.52 ,16789.22 ,16574.57 ,16745.30 ,16745.30 ,5783410000.00 
1105,16793.64 ,16895.79 ,16699.39 ,16780.61 ,16780.61 ,4890850000.00 
1106,16944.74 ,17192.79 ,16943.95 ,17187.61 ,17187.61 ,5469160000.00 
1107,17227.64 ,17260.73 ,17032.17 ,17192.60 ,17192.60 ,4985480000.00 
1108,17394.54 ,17602.72 ,17375.41 ,17594.50 ,17594.50 ,5478170000.00 
1109,17516.40 ,17674.65 ,17502.83 ,17631.72 ,17631.72 ,5138150000.00 
1110,17649.74 ,17877.44 ,17585.58 ,17876.77 ,17876.77 ,5564300000.00 
1111,17849.09 ,17932.53 ,17758.20 ,17816.94 ,17816.94 ,5305260000.00 
1112,17840.51 ,17963.07 ,17790.98 ,17918.99 ,17918.99 ,4765150000.00 
1113,17993.72 ,18017.69 ,17589.15 ,17619.35 ,17619.35 ,5065360000.00 
1114,17772.73 ,17941.27 ,17700.27 ,17877.79 ,17877.79 ,5380810000.00 
1115,17867.85 ,17909.09 ,17645.69 ,17725.77 ,17725.77 ,5110940000.00 
1116,17655.52 ,17789.72 ,17573.37 ,17754.82 ,17754.82 ,4362380000.00 
1117,17738.80 ,17759.94 ,17439.40 ,17556.03 ,17556.03 ,5211920000.00 
1118,17610.57 ,17789.21 ,17482.60 ,17516.43 ,17516.43 ,5727780000.00 
1119,17650.49 ,17720.38 ,17498.79 ,17713.62 ,17713.62 ,5531150000.00 
1120,17585.45 ,17585.45 ,17057.79 ,17136.30 ,17136.30 ,5813970000.00 
1121,17015.71 ,17232.65 ,16984.67 ,17084.30 ,17084.30 ,5011820000.00 
1122,17063.24 ,17295.58 ,17035.07 ,17127.66 ,17127.66 ,4983030000.00 
1123,17137.62 ,17166.54 ,16668.57 ,16690.83 ,16690.83 ,5549030000.00 
1124,16835.67 ,16923.28 ,16732.84 ,16884.60 ,16884.60 ,5132150000.00 
1125,16949.64 ,17036.07 ,16801.13 ,17025.88 ,17025.88 ,4963740000.00 
1126,17061.41 ,17420.23 ,16787.84 ,17395.53 ,17395.53 ,6086930000.00 
1127,17413.89 ,17605.72 ,17338.32 ,17569.68 ,17569.68 ,4983120000.00 
1128,17575.26 ,17719.14 ,17564.61 ,17683.98 ,17683.98 ,4802880000.00 
1129,17573.70 ,17618.40 ,17480.66 ,17592.13 ,17592.13 ,4675530000.00 
1130,17707.02 ,17781.74 ,17544.64 ,17628.06 ,17628.06 ,4959520000.00 
1131,17663.38 ,17832.70 ,17556.43 ,17573.30 ,17573.30 ,5611630000.00 
1132,17980.89 ,18099.93 ,17909.75 ,18013.98 ,18013.98 ,5574650000.00 
1133,17999.35 ,18024.34 ,17835.64 ,17948.32 ,17948.32 ,9914480000.00 
1134,17994.91 ,18021.58 ,17936.37 ,17974.27 ,17974.27 ,5237310000.00 
1135,18046.44 ,18091.96 ,17863.38 ,18074.52 ,18074.52 ,5347580000.00 
1136,18050.36 ,18155.04 ,18040.62 ,18082.21 ,18082.21 ,4858060000.00 
1137,18327.34 ,18327.34 ,18071.74 ,18190.29 ,18190.29 ,5669210000.00 
1138,18228.78 ,18238.28 ,18069.18 ,18119.59 ,18119.59 ,5367890000.00 
1139,18069.83 ,18198.16 ,17997.56 ,18189.17 ,18189.17 ,5846150000.00 
1140,18154.94 ,18162.72 ,17779.77 ,17910.36 ,17910.36 ,5879980000.00 
1141,17867.12 ,17978.58 ,17767.79 ,17925.12 ,17925.12 ,5489040000.00 
1142,17859.49 ,18011.25 ,17826.42 ,17918.48 ,17918.48 ,5208990000.00 
1143,18130.42 ,18145.28 ,17952.30 ,18137.85 ,18137.85 ,5136070000.00 
1144,18080.12 ,18096.33 ,17900.04 ,17923.90 ,17923.90 ,5240320000.00 
1145,18017.93 ,18203.04 ,17989.70 ,18182.92 ,18182.92 ,5566510000.00 
1146,18179.22 ,18302.05 ,18133.02 ,18291.62 ,18291.62 ,5228670000.00 
1147,18200.62 ,18333.39 ,18154.18 ,18282.05 ,18282.05 ,5855390000.00 
1148,18217.73 ,18375.53 ,18208.44 ,18342.94 ,18342.94 ,5140440000.00 
1149,18426.66 ,18547.92 ,18423.60 ,18502.69 ,18502.69 ,4894710000.00 
1150,18515.97 ,18564.25 ,18252.52 ,18315.59 ,18315.59 ,6522700000.00 
1151,18333.29 ,18383.11 ,18214.96 ,18367.08 ,18367.08 ,5257570000.00 
1152,18537.21 ,18541.46 ,18368.79 ,18373.61 ,18373.61 ,5806860000.00 
1153,18466.01 ,18524.33 ,18452.58 ,18489.55 ,18489.55 ,5090190000.00 
1154,18456.48 ,18543.58 ,18377.63 ,18540.01 ,18540.01 ,6092180000.00 
1155,18451.86 ,18620.71 ,18413.47 ,18579.77 ,18579.77 ,6407180000.00 
1156,18502.06 ,18509.19 ,18146.61 ,18276.65 ,18276.65 ,6245610000.00 
1157,18384.16 ,18435.37 ,18305.42 ,18415.49 ,18415.49 ,5761280000.00 
1158,18512.58 ,18690.01 ,18487.06 ,18518.61 ,18518.61 ,6100040000.00 
1159,18648.25 ,18671.01 ,18563.02 ,18567.19 ,18567.19 ,5641660000.00 
1160,18576.09 ,18753.19 ,18509.59 ,18712.75 ,18712.75 ,6881170000.00 
1161,18731.69 ,18785.50 ,18598.24 ,18607.93 ,18607.93 ,6514690000.00 
1162,18427.31 ,18427.31 ,18083.95 ,18095.15 ,18095.15 ,6411940000.00 
1163,18189.67 ,18363.94 ,18181.53 ,18239.92 ,18239.92 ,5896470000.00 
1164,18220.43 ,18308.30 ,18112.83 ,18179.98 ,18179.98 ,5762320000.00 
1165,18250.71 ,18449.68 ,18250.71 ,18439.17 ,18439.17 ,7060340000.00 
1166,18772.76 ,19000.50 ,18730.21 ,18983.47 ,18983.47 ,8138050000.00 
1167,19084.43 ,19301.70 ,19084.43 ,19269.46 ,19269.46 ,9232670000.00 
1168,19255.14 ,19318.56 ,19224.43 ,19286.78 ,19286.78 ,7316010000.00 
1169,19355.34 ,19366.07 ,19193.29 ,19298.76 ,19298.76 ,8087930000.00 
1170,19289.81 ,19343.05 ,19168.52 ,19281.40 ,19281.40 ,7816410000.00 
1171,19286.46 ,19358.48 ,19191.13 ,19230.72 ,19230.72 ,9623670000.00 
1172,19256.09 ,19275.80 ,19073.39 ,19107.65 ,19107.65 ,8680480000.00 
1173,18929.92 ,18936.75 ,18598.87 ,18680.12 ,18680.12 ,8002270000.00 
1174,18717.93 ,18865.28 ,18672.30 ,18791.81 ,18791.81 ,8455360000.00 
1175,18699.71 ,18992.08 ,18689.83 ,18987.47 ,18987.47 ,7246610000.00 
1176,18971.31 ,18974.91 ,18724.39 ,18966.14 ,18966.14 ,7121670000.00 
1177,19072.78 ,19110.89 ,18714.06 ,18972.42 ,18972.42 ,7492540000.00 
1178,18966.32 ,19025.77 ,18899.48 ,19003.65 ,19003.65 ,6575820000.00 
1179,19140.59 ,19208.68 ,18969.35 ,19054.84 ,19054.84 ,7932980000.00 
1180,19109.08 ,19184.40 ,19100.73 ,19174.30 ,19174.30 ,6411770000.00 
1181,19132.99 ,19133.11 ,18937.20 ,19060.48 ,19060.48 ,5619090000.00 
1182,19087.47 ,19245.49 ,19066.52 ,19218.17 ,19218.17 ,4042550000.00 
1183,19255.43 ,19436.92 ,19255.43 ,19403.95 ,19403.95 ,6370530000.00 
1184,19364.34 ,19486.15 ,19340.41 ,19480.91 ,19480.91 ,6005160000.00 
1185,19587.48 ,19741.76 ,19575.40 ,19735.12 ,19735.12 ,7870030000.00 
1186,19756.40 ,19790.03 ,19688.59 ,19700.26 ,19700.26 ,7229510000.00 
1187,19743.96 ,19863.15 ,19734.42 ,19859.77 ,19859.77 ,6787610000.00 
1188,19824.09 ,19872.79 ,19698.05 ,19736.69 ,19736.69 ,7884620000.00 
1189,19796.39 ,19887.08 ,19641.34 ,19687.24 ,19687.24 ,6843850000.00 
1190,19832.96 ,20055.93 ,19830.64 ,20034.89 ,20034.89 ,6639720000.00 
1191,19947.34 ,20018.24 ,19897.38 ,19902.84 ,19902.84 ,7047550000.00 
1192,19995.18 ,20061.65 ,19817.47 ,19926.72 ,19926.72 ,6028250000.00 
1193,20016.12 ,20204.58 ,19988.12 ,20173.89 ,20173.89 ,8855040000.00 
1194,20095.62 ,20148.83 ,20004.73 ,20109.06 ,20109.06 ,9534350000.00 
1195,20114.98 ,20179.77 ,19336.59 ,19392.69 ,19392.69 ,9996120000.00 
1196,19565.66 ,19623.02 ,19357.76 ,19372.77 ,19372.77 ,8029590000.00 
1197,19190.04 ,19758.61 ,19168.38 ,19572.60 ,19572.60 ,10962450000.00 
1198,19641.05 ,19772.10 ,19504.68 ,19764.88 ,19764.88 ,6820720000.00 
1199,19818.48 ,20031.13 ,19813.76 ,20031.13 ,20031.13 ,4739190000.00 
1200,19979.25 ,20070.08 ,19888.11 ,20020.36 ,20020.36 ,6467910000.00 
1201,19896.77 ,19904.77 ,19553.40 ,19722.03 ,19722.03 ,7765120000.00 
1202,19460.41 ,19622.93 ,19342.51 ,19486.79 ,19486.79 ,8384090000.00 
1203,19551.36 ,19563.72 ,19283.41 ,19310.79 ,19310.79 ,8873030000.00 
1204,19403.90 ,19517.87 ,19117.59 ,19280.79 ,19280.79 ,8737550000.00 
1205,19395.51 ,19638.66 ,19379.57 ,19621.68 ,19621.68 ,8214050000.00 
1206,19851.99 ,20007.95 ,19785.00 ,19864.98 ,19864.98 ,9586840000.00 
1207,19938.08 ,19940.21 ,19421.02 ,19489.68 ,19489.68 ,13371130000.00 
1208,19469.37 ,19544.51 ,19308.54 ,19478.88 ,19478.88 ,8851720000.00 
1209,19312.26 ,19315.11 ,19018.75 ,19161.63 ,19161.63 ,8608880000.00 
1210,18903.66 ,19099.97 ,18831.91 ,19088.10 ,19088.10 ,7830760000.00 
1211,19207.75 ,19273.14 ,18926.60 ,19044.39 ,19044.39 ,7168110000.00 
1212,19350.31 ,19548.90 ,19299.32 ,19511.23 ,19511.23 ,7260250000.00 
1213,19573.87 ,19579.85 ,19335.68 ,19338.29 ,19338.29 ,7085990000.00 
1214,19655.55 ,19709.64 ,19543.32 ,19630.20 ,19630.20 ,7996360000.00 
1215,19734.39 ,19789.63 ,19551.17 ,19756.78 ,19756.78 ,8015780000.00 
1216,19903.05 ,20068.52 ,19903.05 ,20009.34 ,20009.34 ,7219060000.00 
1217,19906.99 ,20053.68 ,19892.55 ,20053.68 ,20053.68 ,6837700000.00 
1218,20087.11 ,20118.61 ,19897.13 ,19954.30 ,19954.30 ,7708150000.00 
1219,19234.04 ,19514.35 ,19204.95 ,19341.83 ,19341.83 ,8870200000.00 
1220,19418.22 ,19759.43 ,19294.62 ,19733.59 ,19733.59 ,7121740000.00 
1221,19695.68 ,19699.82 ,19479.51 ,19632.32 ,19632.32 ,6497710000.00 
1222,19697.53 ,19785.79 ,19483.83 ,19681.75 ,19681.75 ,6679500000.00 
1223,19832.33 ,19969.17 ,19575.21 ,19627.44 ,19627.44 ,7947370000.00 
1224,19215.38 ,19502.13 ,19141.15 ,19391.96 ,19391.96 ,8272460000.00 
1225,19422.17 ,19666.44 ,19408.18 ,19654.02 ,19654.02 ,6477050000.00 
1226,19533.05 ,19696.94 ,19498.90 ,19692.33 ,19692.33 ,6712220000.00 
1227,19725.83 ,19793.36 ,19654.11 ,19791.99 ,19791.99 ,6642100000.00 
1228,19774.87 ,19862.54 ,19489.36 ,19523.40 ,19523.40 ,7748940000.00 
1229,19668.18 ,19772.04 ,19650.79 ,19714.27 ,19714.27 ,9535440000.00 
1230,19602.11 ,19731.93 ,19579.77 ,19643.86 ,19643.86 ,9269380000.00 
1231,19436.51 ,19682.51 ,19415.48 ,19649.95 ,19649.95 ,7946550000.00 
1232,19696.92 ,19952.17 ,19675.87 ,19945.64 ,19945.64 ,8414510000.00 
1233,19956.82 ,20045.76 ,19932.15 ,20026.77 ,20026.77 ,7995720000.00 
1234,20090.55 ,20110.12 ,19909.74 ,20041.26 ,20041.26 ,8683170000.00 
1235,19994.50 ,20099.39 ,19928.89 ,20056.25 ,20056.25 ,8171530000.00 
1236,20029.19 ,20041.15 ,19795.02 ,19962.36 ,19962.36 ,7329270000.00 
1237,20006.69 ,20016.66 ,19510.91 ,19524.01 ,19524.01 ,8461020000.00 
1238,19590.85 ,19644.23 ,19275.46 ,19286.93 ,19286.93 ,7414760000.00 
1239,19242.61 ,19256.35 ,18871.52 ,19026.39 ,19026.39 ,7991440000.00 
1240,19109.32 ,19286.02 ,18966.46 ,19075.26 ,19075.26 ,7034450000.00 
1241,19212.36 ,19242.69 ,18535.22 ,18544.42 ,18544.42 ,7700290000.00 
1242,18477.17 ,18861.33 ,18372.99 ,18847.28 ,18847.28 ,8247520000.00 
1243,18923.36 ,18992.30 ,18216.63 ,18350.19 ,18350.19 ,8170140000.00 
1244,18176.43 ,18589.49 ,17956.60 ,18285.16 ,18285.16 ,8469180000.00 
1245,18312.97 ,18604.47 ,18144.73 ,18552.73 ,18552.73 ,7048430000.00 
1246,18204.53 ,18439.24 ,17980.39 ,18069.26 ,18069.26 ,7686200000.00 
1247,18029.85 ,18243.58 ,17768.59 ,18196.22 ,18196.22 ,8135420000.00 
1248,17840.32 ,17868.08 ,17291.82 ,17468.32 ,17468.32 ,8636040000.00 
1249,17443.09 ,17687.40 ,17238.24 ,17436.10 ,17436.10 ,9177320000.00 
1250,17711.41 ,17800.10 ,17436.27 ,17648.45 ,17648.45 ,7746430000.00 
1251,17598.56 ,17621.91 ,17239.44 ,17303.01 ,17303.01 ,7147050000.00 
1252,17523.30 ,17773.48 ,17491.08 ,17754.09 ,17754.09 ,7093850000.00 
1253,17722.54 ,17925.94 ,17645.87 ,17808.66 ,17808.66 ,6306340000.00 
1254,17662.57 ,17682.92 ,17431.67 ,17504.12 ,17504.12 ,6450530000.00 
1255,17590.10 ,17917.54 ,17533.94 ,17750.79 ,17750.79 ,5580259000.00 
